"Personer"	"Aa"	242
"Personer"	"Aabel"	242
"Personer"	"Aaberg"	364
"Personer"	"Aaby"	267
"Personer"	"Aabø"	235
"Personer"	"Aadland"	522
"Personer"	"Aae"	209
"Personer"	"Aaen"	200
"Personer"	"Aagaard"	337
"Personer"	"Aagesen"	274
"Personer"	"Aakre"	881
"Personer"	"Aakvik"	337
"Personer"	"Aaland"	325
"Personer"	"Aalberg"	505
"Personer"	"Aalvik"	231
"Personer"	"Aam"	249
"Personer"	"Aamodt"	1990
"Personer"	"Aamot"	354
"Personer"	"Aandahl"	200
"Personer"	"Aandal"	237
"Personer"	"Aanensen"	490
"Personer"	"Aanerud"	257
"Personer"	"Aanes"	415
"Personer"	"Aanestad"	418
"Personer"	"Aanonsen"	601
"Personer"	"Aanstad"	237
"Personer"	"Aardal"	499
"Personer"	"Aarflot"	238
"Personer"	"Aarhus"	454
"Personer"	"Aarland"	203
"Personer"	"Aarnes"	629
"Personer"	"Aarrestad"	295
"Personer"	"Aarsand"	218
"Personer"	"Aarseth"	926
"Personer"	"Aarskog"	360
"Personer"	"Aarsland"	346
"Personer"	"Aarstad"	607
"Personer"	"Aarum"	286
"Personer"	"Aarvik"	549
"Personer"	"Aarø"	387
"Personer"	"Aas"	5771
"Personer"	"Aasberg"	260
"Personer"	"Aasbø"	492
"Personer"	"Aase"	2503
"Personer"	"Aasebø"	399
"Personer"	"Aasen"	4426
"Personer"	"Aaserud"	655
"Personer"	"Aaseth"	219
"Personer"	"Aasgaard"	479
"Personer"	"Aasheim"	1594
"Personer"	"Aasland"	1042
"Personer"	"Aaslund"	301
"Personer"	"Aass"	513
"Personer"	"Abbas"	685
"Personer"	"Abdalla"	238
"Personer"	"Abdallah"	238
"Personer"	"Abdi"	2094
"Personer"	"Abdirahman"	270
"Personer"	"Abdulla"	209
"Personer"	"Abdullah"	745
"Personer"	"Abdullahi"	852
"Personer"	"Abdulle"	363
"Personer"	"Abelsen"	670
"Personer"	"Abraha"	301
"Personer"	"Abraham"	406
"Personer"	"Abrahamsen"	3854
"Personer"	"Abukar"	334
"Personer"	"Adam"	603
"Personer"	"Adan"	473
"Personer"	"Aden"	395
"Personer"	"Adolfsen"	883
"Personer"	"Afzal"	357
"Personer"	"Aga"	750
"Personer"	"Aglen"	269
"Personer"	"Ahmad"	2096
"Personer"	"Ahmadi"	831
"Personer"	"Ahmadzai"	241
"Personer"	"Ahmed"	5820
"Personer"	"Akbari"	252
"Personer"	"Aker"	352
"Personer"	"Akhtar"	930
"Personer"	"Akram"	357
"Personer"	"Aksdal"	312
"Personer"	"Akselsen"	938
"Personer"	"Aksnes"	973
"Personer"	"Alahmad"	299
"Personer"	"Alali"	279
"Personer"	"Albertsen"	730
"Personer"	"Albrigtsen"	728
"Personer"	"Aleksandersen"	445
"Personer"	"Alexandersen"	541
"Personer"	"Alfheim"	335
"Personer"	"Alfredsen"	428
"Personer"	"Alfsen"	397
"Personer"	"Algrøy"	306
"Personer"	"Ali"	7057
"Personer"	"Allum"	211
"Personer"	"Alm"	546
"Personer"	"Almaas"	246
"Personer"	"Alme"	650
"Personer"	"Almli"	334
"Personer"	"Almås"	1021
"Personer"	"Alnes"	620
"Personer"	"Alnæs"	233
"Personer"	"Alsaker"	550
"Personer"	"Alsos"	201
"Personer"	"Alstad"	1040
"Personer"	"Alsvik"	263
"Personer"	"Alver"	235
"Personer"	"Alvestad"	894
"Personer"	"Alvheim"	317
"Personer"	"Alvær"	216
"Personer"	"Amble"	234
"Personer"	"Amdahl"	220
"Personer"	"Amdal"	791
"Personer"	"Amdam"	214
"Personer"	"Amin"	528
"Personer"	"Amini"	211
"Personer"	"Amiri"	368
"Personer"	"Amlie"	205
"Personer"	"Amundsen"	7147
"Personer"	"Anda"	410
"Personer"	"Andersen"	35825
"Personer"	"Anderson"	693
"Personer"	"Anderssen"	819
"Personer"	"Andersson"	2445
"Personer"	"Andorsen"	207
"Personer"	"Andreassen"	11716
"Personer"	"Andresen"	6189
"Personer"	"Andvik"	238
"Personer"	"Anfinsen"	321
"Personer"	"Angell"	759
"Personer"	"Angelsen"	453
"Personer"	"Angeltveit"	347
"Personer"	"Angvik"	248
"Personer"	"Anthonsen"	339
"Personer"	"Anti"	279
"Personer"	"Antonsen"	5027
"Personer"	"Anwar"	405
"Personer"	"Apeland"	525
"Personer"	"Araya"	388
"Personer"	"Arctander"	246
"Personer"	"Arif"	247
"Personer"	"Arneberg"	371
"Personer"	"Arnesen"	5106
"Personer"	"Arnestad"	336
"Personer"	"Arnevik"	217
"Personer"	"Arntsen"	1983
"Personer"	"Arntzen"	2005
"Personer"	"Arnøy"	374
"Personer"	"Aronsen"	1253
"Personer"	"Arshad"	294
"Personer"	"Arvesen"	484
"Personer"	"Asbjørnsen"	864
"Personer"	"Asghar"	263
"Personer"	"Asheim"	430
"Personer"	"Ashraf"	404
"Personer"	"Ask"	1319
"Personer"	"Aske"	518
"Personer"	"Askeland"	1205
"Personer"	"Askevold"	205
"Personer"	"Askildsen"	260
"Personer"	"Askim"	305
"Personer"	"Askvik"	306
"Personer"	"Aslaksen"	1002
"Personer"	"Aslam"	419
"Personer"	"Asp"	292
"Personer"	"Aspaas"	296
"Personer"	"Aspelund"	498
"Personer"	"Aspen"	484
"Personer"	"Aspenes"	309
"Personer"	"Asphaug"	361
"Personer"	"Astrup"	344
"Personer"	"Auestad"	586
"Personer"	"Augestad"	333
"Personer"	"Aukland"	259
"Personer"	"Aulie"	373
"Personer"	"Aunan"	325
"Personer"	"Aune"	4211
"Personer"	"Aurdal"	271
"Personer"	"Aure"	446
"Personer"	"Aurstad"	257
"Personer"	"Ausland"	388
"Personer"	"Austad"	1171
"Personer"	"Austbø"	350
"Personer"	"Austnes"	309
"Personer"	"Austrheim"	425
"Personer"	"Axelsen"	410
"Personer"	"Aziz"	552
"Personer"	"Azizi"	266
"Personer"	"Baardsen"	461
"Personer"	"Bach"	509
"Personer"	"Backe"	280
"Personer"	"Bakk"	334
"Personer"	"Bakka"	476
"Personer"	"Bakkan"	212
"Personer"	"Bakke"	6772
"Personer"	"Bakkehaug"	266
"Personer"	"Bakkejord"	238
"Personer"	"Bakkeli"	206
"Personer"	"Bakkelund"	211
"Personer"	"Bakken"	7673
"Personer"	"Bakker"	307
"Personer"	"Bakkerud"	294
"Personer"	"Bakketun"	228
"Personer"	"Bakstad"	205
"Personer"	"Ballestad"	249
"Personer"	"Balstad"	280
"Personer"	"Baltzersen"	319
"Personer"	"Bang"	1298
"Personer"	"Barka"	247
"Personer"	"Barmen"	212
"Personer"	"Barstad"	1105
"Personer"	"Barth"	333
"Personer"	"Bartnes"	271
"Personer"	"Bashir"	455
"Personer"	"Bastiansen"	265
"Personer"	"Bauer"	275
"Personer"	"Bauge"	595
"Personer"	"Baumann"	304
"Personer"	"Baustad"	223
"Personer"	"Bay"	230
"Personer"	"Bech"	674
"Personer"	"Beck"	774
"Personer"	"Becker"	294
"Personer"	"Begum"	699
"Personer"	"Bekkelund"	754
"Personer"	"Bekken"	1090
"Personer"	"Bekkevold"	1175
"Personer"	"Bell"	296
"Personer"	"Belsvik"	258
"Personer"	"Bendiksen"	1546
"Personer"	"Bendixen"	313
"Personer"	"Bengtsson"	222
"Personer"	"Benjaminsen"	1179
"Personer"	"Benonisen"	215
"Personer"	"Bentsen"	1095
"Personer"	"Bentzen"	800
"Personer"	"Berdal"	415
"Personer"	"Berentsen"	698
"Personer"	"Berg"	17734
"Personer"	"Bergan"	1310
"Personer"	"Berge"	6845
"Personer"	"Bergem"	348
"Personer"	"Bergene"	447
"Personer"	"Berger"	2227
"Personer"	"Bergersen"	1557
"Personer"	"Bergerud"	460
"Personer"	"Bergesen"	715
"Personer"	"Berget"	1863
"Personer"	"Berggren"	347
"Personer"	"Bergh"	1015
"Personer"	"Bergheim"	987
"Personer"	"Bergland"	510
"Personer"	"Bergli"	991
"Personer"	"Berglund"	1280
"Personer"	"Bergman"	356
"Personer"	"Bergmann"	607
"Personer"	"Bergo"	280
"Personer"	"Bergquist"	270
"Personer"	"Bergseng"	255
"Personer"	"Bergset"	312
"Personer"	"Bergseth"	560
"Personer"	"Bergstrøm"	902
"Personer"	"Bergsvik"	215
"Personer"	"Bergtun"	241
"Personer"	"Bergum"	951
"Personer"	"Berhane"	373
"Personer"	"Berhe"	430
"Personer"	"Berisha"	541
"Personer"	"Berland"	601
"Personer"	"Bernhardsen"	524
"Personer"	"Berntsen"	5382
"Personer"	"Berntzen"	982
"Personer"	"Berre"	308
"Personer"	"Berstad"	332
"Personer"	"Bertelsen"	1103
"Personer"	"Berthelsen"	509
"Personer"	"Bertheussen"	701
"Personer"	"Betten"	338
"Personer"	"Beyene"	211
"Personer"	"Bhatti"	338
"Personer"	"Bibi"	405
"Personer"	"Bilstad"	278
"Personer"	"Birkedal"	306
"Personer"	"Birkeland"	4738
"Personer"	"Birkeli"	230
"Personer"	"Birkelund"	711
"Personer"	"Birkenes"	380
"Personer"	"Bjelland"	1725
"Personer"	"Bjerga"	424
"Personer"	"Bjerk"	372
"Personer"	"Bjerkan"	825
"Personer"	"Bjerke"	3588
"Personer"	"Bjerkeli"	327
"Personer"	"Bjerkelund"	328
"Personer"	"Bjerkestrand"	382
"Personer"	"Bjerkli"	290
"Personer"	"Bjerknes"	923
"Personer"	"Bjerkvik"	211
"Personer"	"Bjerkås"	307
"Personer"	"Bjordal"	688
"Personer"	"Bjorøy"	271
"Personer"	"Bjune"	284
"Personer"	"Bjønnes"	291
"Personer"	"Bjønness"	211
"Personer"	"Bjørdal"	581
"Personer"	"Bjørgan"	448
"Personer"	"Bjørge"	1282
"Personer"	"Bjørgen"	395
"Personer"	"Bjørgo"	280
"Personer"	"Bjørgum"	477
"Personer"	"Bjørheim"	307
"Personer"	"Bjørk"	544
"Personer"	"Bjørke"	781
"Personer"	"Bjørkedal"	334
"Personer"	"Bjørkhaug"	394
"Personer"	"Bjørkheim"	217
"Personer"	"Bjørkli"	555
"Personer"	"Bjørklund"	1299
"Personer"	"Bjørkmo"	261
"Personer"	"Bjørkum"	205
"Personer"	"Bjørkås"	337
"Personer"	"Bjørlo"	319
"Personer"	"Bjørn"	323
"Personer"	"Bjørndal"	966
"Personer"	"Bjørndalen"	321
"Personer"	"Bjørnerud"	498
"Personer"	"Bjørnes"	.
"Personer"	"Bjørnestad"	487
"Personer"	"Bjørnevik"	370
"Personer"	"Bjørnsen"	1465
"Personer"	"Bjørnstad"	3095
"Personer"	"Bjørnø"	249
"Personer"	"Bjørnøy"	228
"Personer"	"Bjørnå"	310
"Personer"	"Bjørseth"	356
"Personer"	"Bjørsvik"	547
"Personer"	"Bjørvik"	494
"Personer"	"Blakstad"	405
"Personer"	"Blindheim"	1037
"Personer"	"Blix"	697
"Personer"	"Blom"	991
"Personer"	"Blomberg"	322
"Personer"	"Blomvik"	.
"Personer"	"Blystad"	301
"Personer"	"Bodin"	228
"Personer"	"Boge"	591
"Personer"	"Bogen"	641
"Personer"	"Bolme"	421
"Personer"	"Bolstad"	1615
"Personer"	"Bones"	238
"Personer"	"Bonsaksen"	228
"Personer"	"Borch"	374
"Personer"	"Borchgrevink"	289
"Personer"	"Bore"	638
"Personer"	"Borg"	728
"Personer"	"Borgan"	277
"Personer"	"Borge"	2169
"Personer"	"Borgen"	2035
"Personer"	"Borgersen"	1100
"Personer"	"Borlaug"	447
"Personer"	"Borsheim"	223
"Personer"	"Bostad"	312
"Personer"	"Botnen"	434
"Personer"	"Botten"	489
"Personer"	"Boye"	320
"Personer"	"Braastad"	206
"Personer"	"Braaten"	829
"Personer"	"Braathen"	1329
"Personer"	"Bragstad"	318
"Personer"	"Brakstad"	458
"Personer"	"Brandal"	779
"Personer"	"Brandt"	765
"Personer"	"Brandtzæg"	399
"Personer"	"Brandvik"	236
"Personer"	"Braseth"	333
"Personer"	"Brastad"	222
"Personer"	"Brataas"	207
"Personer"	"Bratberg"	490
"Personer"	"Bratland"	947
"Personer"	"Bratli"	544
"Personer"	"Bratlie"	723
"Personer"	"Bratsberg"	299
"Personer"	"Brattli"	303
"Personer"	"Brattås"	252
"Personer"	"Bratvold"	248
"Personer"	"Braut"	441
"Personer"	"Bredal"	268
"Personer"	"Bredesen"	1450
"Personer"	"Breen"	324
"Personer"	"Breiland"	218
"Personer"	"Breistein"	277
"Personer"	"Breivik"	2644
"Personer"	"Brekka"	242
"Personer"	"Brekke"	3962
"Personer"	"Brekken"	561
"Personer"	"Bremnes"	532
"Personer"	"Bremseth"	292
"Personer"	"Brenden"	1107
"Personer"	"Brenna"	967
"Personer"	"Brenne"	724
"Personer"	"Brevig"	230
"Personer"	"Brevik"	1690
"Personer"	"Bringedal"	261
"Personer"	"Brobakken"	282
"Personer"	"Broch"	228
"Personer"	"Brodahl"	278
"Personer"	"Broen"	300
"Personer"	"Brovold"	569
"Personer"	"Brown"	407
"Personer"	"Brox"	462
"Personer"	"Bru"	547
"Personer"	"Bruaset"	214
"Personer"	"Brubakken"	213
"Personer"	"Brudevoll"	216
"Personer"	"Brudvik"	220
"Personer"	"Bruheim"	263
"Personer"	"Bruland"	656
"Personer"	"Brun"	1009
"Personer"	"Brunborg"	255
"Personer"	"Brunes"	305
"Personer"	"Brunstad"	372
"Personer"	"Brunvoll"	281
"Personer"	"Brustad"	805
"Personer"	"Bruun"	1007
"Personer"	"Bruvik"	594
"Personer"	"Bruvoll"	304
"Personer"	"Bryhn"	382
"Personer"	"Bryn"	478
"Personer"	"Bryne"	297
"Personer"	"Brynildsen"	573
"Personer"	"Brynjulfsen"	307
"Personer"	"Brække"	224
"Personer"	"Brækken"	217
"Personer"	"Brænd"	208
"Personer"	"Brænden"	244
"Personer"	"Brøndbo"	331
"Personer"	"Brønstad"	313
"Personer"	"Bråten"	2842
"Personer"	"Bråthen"	3300
"Personer"	"Bu"	272
"Personer"	"Buan"	253
"Personer"	"Bue"	374
"Personer"	"Buene"	258
"Personer"	"Buer"	742
"Personer"	"Bugge"	1381
"Personer"	"Bugten"	233
"Personer"	"Bui"	482
"Personer"	"Buljo"	316
"Personer"	"Bull"	731
"Personer"	"Bunes"	412
"Personer"	"Buraas"	209
"Personer"	"Burud"	207
"Personer"	"Busch"	417
"Personer"	"Busk"	201
"Personer"	"Butt"	839
"Personer"	"Buvarp"	212
"Personer"	"Buvik"	328
"Personer"	"By"	469
"Personer"	"Byberg"	824
"Personer"	"Bye"	2435
"Personer"	"Byrkjeland"	303
"Personer"	"Bækken"	311
"Personer"	"Bærheim"	238
"Personer"	"Bævre"	365
"Personer"	"Bø"	2472
"Personer"	"Bødtker"	.
"Personer"	"Bøe"	4219
"Personer"	"Bøen"	473
"Personer"	"Bøhler"	354
"Personer"	"Bøhmer"	205
"Personer"	"Bøhn"	670
"Personer"	"Børnes"	.
"Personer"	"Børresen"	1833
"Personer"	"Børseth"	325
"Personer"	"Børsheim"	229
"Personer"	"Børstad"	288
"Personer"	"Børve"	444
"Personer"	"Bøthun"	262
"Personer"	"Bøyum"	346
"Personer"	"Bårdsen"	932
"Personer"	"Cappelen"	253
"Personer"	"Carlsen"	2788
"Personer"	"Carlson"	259
"Personer"	"Carlsson"	468
"Personer"	"Caspersen"	453
"Personer"	"Celius"	258
"Personer"	"Chan"	244
"Personer"	"Chaudhry"	386
"Personer"	"Chen"	574
"Personer"	"Christensen"	6207
"Personer"	"Christiansen"	3716
"Personer"	"Christoffersen"	1350
"Personer"	"Christophersen"	441
"Personer"	"Clausen"	1181
"Personer"	"Claussen"	337
"Personer"	"Corneliussen"	791
"Personer"	"Daae"	386
"Personer"	"Dagestad"	309
"Personer"	"Dagsland"	306
"Personer"	"Dahir"	394
"Personer"	"Dahl"	11373
"Personer"	"Dahlberg"	689
"Personer"	"Dahle"	3278
"Personer"	"Dahlen"	1212
"Personer"	"Dahlgren"	227
"Personer"	"Dahlstrøm"	401
"Personer"	"Dalaker"	206
"Personer"	"Dalby"	383
"Personer"	"Dale"	3348
"Personer"	"Dalen"	2448
"Personer"	"Dalene"	342
"Personer"	"Daleng"	207
"Personer"	"Dalhaug"	287
"Personer"	"Dalheim"	472
"Personer"	"Dalland"	464
"Personer"	"Dalsbø"	215
"Personer"	"Dalseth"	216
"Personer"	"Dammen"	586
"Personer"	"Dang"	461
"Personer"	"Danielsen"	5443
"Personer"	"Dar"	209
"Personer"	"David"	.
"Personer"	"Davidsen"	1839
"Personer"	"Dehli"	301
"Personer"	"Demir"	227
"Personer"	"Derås"	213
"Personer"	"Devik"	263
"Personer"	"Devold"	272
"Personer"	"Didriksen"	1075
"Personer"	"Diesen"	221
"Personer"	"Digernes"	359
"Personer"	"Digre"	265
"Personer"	"Dimmen"	391
"Personer"	"Dinh"	239
"Personer"	"Dirdal"	373
"Personer"	"Ditlefsen"	375
"Personer"	"Djupvik"	493
"Personer"	"Djuve"	217
"Personer"	"Djønne"	248
"Personer"	"Do"	374
"Personer"	"Doan"	267
"Personer"	"Dokken"	726
"Personer"	"Drabløs"	314
"Personer"	"Drage"	337
"Personer"	"Drageset"	218
"Personer"	"Dragland"	238
"Personer"	"Dramstad"	204
"Personer"	"Drange"	683
"Personer"	"Drevland"	217
"Personer"	"Dreyer"	541
"Personer"	"Drivenes"	286
"Personer"	"Drønen"	314
"Personer"	"Due"	302
"Personer"	"Duong"	328
"Personer"	"Dvergsdal"	295
"Personer"	"Dyb"	387
"Personer"	"Dybdahl"	489
"Personer"	"Dybdal"	285
"Personer"	"Dybvik"	951
"Personer"	"Dybwad"	232
"Personer"	"Dyngeland"	317
"Personer"	"Dyrdal"	331
"Personer"	"Dyrhaug"	263
"Personer"	"Dyrkorn"	222
"Personer"	"Dyrnes"	526
"Personer"	"Dyrseth"	279
"Personer"	"Dyrstad"	361
"Personer"	"Dyrøy"	270
"Personer"	"Dørum"	484
"Personer"	"Ebbesen"	339
"Personer"	"Eckhoff"	328
"Personer"	"Edland"	520
"Personer"	"Edvardsen"	4785
"Personer"	"Edvartsen"	217
"Personer"	"Eeg"	217
"Personer"	"Eek"	465
"Personer"	"Ege"	383
"Personer"	"Egeberg"	453
"Personer"	"Egeland"	2528
"Personer"	"Egeli"	319
"Personer"	"Egenes"	206
"Personer"	"Eggan"	235
"Personer"	"Egge"	787
"Personer"	"Eggen"	1832
"Personer"	"Eggum"	316
"Personer"	"Eid"	618
"Personer"	"Eide"	8435
"Personer"	"Eidem"	1070
"Personer"	"Eidet"	282
"Personer"	"Eidissen"	467
"Personer"	"Eidsvik"	289
"Personer"	"Eidsvåg"	225
"Personer"	"Eie"	639
"Personer"	"Eik"	926
"Personer"	"Eike"	427
"Personer"	"Eikeland"	2243
"Personer"	"Eikemo"	440
"Personer"	"Eiken"	493
"Personer"	"Eikenes"	477
"Personer"	"Eikrem"	861
"Personer"	"Eikås"	329
"Personer"	"Eilertsen"	3222
"Personer"	"Einan"	225
"Personer"	"Einarsen"	937
"Personer"	"Einvik"	235
"Personer"	"Eira"	635
"Personer"	"Ek"	603
"Personer"	"Ekeberg"	787
"Personer"	"Ekeland"	418
"Personer"	"Ekeli"	248
"Personer"	"Ekelund"	262
"Personer"	"Ekerhovd"	318
"Personer"	"Ekker"	216
"Personer"	"Eklund"	429
"Personer"	"Eknes"	375
"Personer"	"Ekre"	274
"Personer"	"Ekrem"	314
"Personer"	"Ekren"	434
"Personer"	"Ekroll"	288
"Personer"	"Ekstrøm"	237
"Personer"	"Elde"	386
"Personer"	"Elden"	255
"Personer"	"Eldevik"	234
"Personer"	"Eliassen"	4274
"Personer"	"Ellefsen"	1832
"Personer"	"Ellingsen"	4866
"Personer"	"Elmi"	476
"Personer"	"Elnes"	229
"Personer"	"Elstad"	606
"Personer"	"Elton"	207
"Personer"	"Eltvik"	225
"Personer"	"Elvebakk"	309
"Personer"	"Elvenes"	249
"Personer"	"Elverum"	373
"Personer"	"Elvestad"	505
"Personer"	"Elvik"	213
"Personer"	"Emanuelsen"	238
"Personer"	"Emberland"	242
"Personer"	"Emblem"	263
"Personer"	"Emilsen"	493
"Personer"	"Endal"	283
"Personer"	"Endresen"	1537
"Personer"	"Enersen"	373
"Personer"	"Enes"	213
"Personer"	"Eng"	917
"Personer"	"Engan"	908
"Personer"	"Engdal"	357
"Personer"	"Enge"	636
"Personer"	"Engebakken"	411
"Personer"	"Engebretsen"	2727
"Personer"	"Engedal"	381
"Personer"	"Engeland"	278
"Personer"	"Engelsen"	605
"Personer"	"Engelstad"	575
"Personer"	"Engen"	3758
"Personer"	"Engenes"	228
"Personer"	"Enger"	2172
"Personer"	"Engeset"	412
"Personer"	"Engeseth"	331
"Personer"	"Engevik"	359
"Personer"	"Engh"	1148
"Personer"	"Englund"	236
"Personer"	"Engseth"	206
"Personer"	"Engstad"	219
"Personer"	"Engstrøm"	400
"Personer"	"Engum"	327
"Personer"	"Engvik"	296
"Personer"	"Enoksen"	1069
"Personer"	"Ensrud"	232
"Personer"	"Erdal"	739
"Personer"	"Erga"	497
"Personer"	"Erichsen"	896
"Personer"	"Eriksen"	18741
"Personer"	"Eriksrud"	248
"Personer"	"Eriksson"	1396
"Personer"	"Erikstad"	425
"Personer"	"Erland"	423
"Personer"	"Erlandsen"	1338
"Personer"	"Ernstsen"	259
"Personer"	"Ersland"	396
"Personer"	"Erstad"	743
"Personer"	"Ertsås"	213
"Personer"	"Ervik"	1225
"Personer"	"Eskedal"	230
"Personer"	"Eskeland"	472
"Personer"	"Espe"	423
"Personer"	"Espedal"	863
"Personer"	"Espeland"	1690
"Personer"	"Espelid"	325
"Personer"	"Espenes"	332
"Personer"	"Espeseth"	421
"Personer"	"Estensen"	229
"Personer"	"Evanger"	236
"Personer"	"Evenrud"	217
"Personer"	"Evensen"	5900
"Personer"	"Evenstad"	281
"Personer"	"Evertsen"	215
"Personer"	"Evje"	235
"Personer"	"Evjen"	1055
"Personer"	"Evju"	247
"Personer"	"Fadnes"	253
"Personer"	"Fagerbakke"	229
"Personer"	"Fagereng"	243
"Personer"	"Fagerhaug"	265
"Personer"	"Fagerheim"	795
"Personer"	"Fagerland"	557
"Personer"	"Fagerli"	1044
"Personer"	"Fagermo"	265
"Personer"	"Fagernes"	309
"Personer"	"Fagertun"	226
"Personer"	"Fagervik"	271
"Personer"	"Fagervold"	234
"Personer"	"Fagerås"	246
"Personer"	"Falch"	975
"Personer"	"Falck"	497
"Personer"	"Falk"	284
"Personer"	"Falkenberg"	216
"Personer"	"Fallet"	301
"Personer"	"Fanebust"	285
"Personer"	"Farah"	830
"Personer"	"Fardal"	278
"Personer"	"Farestveit"	297
"Personer"	"Farooq"	235
"Personer"	"Farstad"	1574
"Personer"	"Fauskanger"	417
"Personer"	"Fauske"	720
"Personer"	"Fedje"	200
"Personer"	"Fenne"	207
"Personer"	"Feragen"	317
"Personer"	"Ferkingstad"	359
"Personer"	"Ferstad"	231
"Personer"	"Fevang"	541
"Personer"	"Fidje"	283
"Personer"	"Fidjeland"	241
"Personer"	"Figenschau"	226
"Personer"	"Figenschou"	279
"Personer"	"Fiksdal"	380
"Personer"	"Fimland"	200
"Personer"	"Fimreite"	253
"Personer"	"Finne"	496
"Personer"	"Finnerud"	255
"Personer"	"Finnesand"	237
"Personer"	"Finnøy"	215
"Personer"	"Finseth"	326
"Personer"	"Finsrud"	470
"Personer"	"Finstad"	1760
"Personer"	"Fischer"	376
"Personer"	"Fiske"	390
"Personer"	"Fiskerstrand"	359
"Personer"	"Fiskum"	312
"Personer"	"Fiskvik"	344
"Personer"	"Fiskå"	288
"Personer"	"Fjeld"	2510
"Personer"	"Fjeldberg"	544
"Personer"	"Fjelde"	604
"Personer"	"Fjeldheim"	572
"Personer"	"Fjeldstad"	1753
"Personer"	"Fjell"	796
"Personer"	"Fjellanger"	299
"Personer"	"Fjelldal"	441
"Personer"	"Fjellestad"	288
"Personer"	"Fjellheim"	865
"Personer"	"Fjellstad"	812
"Personer"	"Fjellvang"	312
"Personer"	"Fjermestad"	343
"Personer"	"Fjær"	209
"Personer"	"Fjæreide"	205
"Personer"	"Fjærli"	303
"Personer"	"Fjørtoft"	769
"Personer"	"Flaa"	349
"Personer"	"Flaaten"	207
"Personer"	"Flage"	211
"Personer"	"Flataker"	218
"Personer"	"Flatebø"	384
"Personer"	"Flaten"	936
"Personer"	"Flatland"	359
"Personer"	"Flatmo"	215
"Personer"	"Flatøy"	266
"Personer"	"Flatås"	309
"Personer"	"Fleischer"	300
"Personer"	"Flem"	408
"Personer"	"Flesland"	236
"Personer"	"Flo"	443
"Personer"	"Flø"	357
"Personer"	"Flønes"	259
"Personer"	"Fløtre"	272
"Personer"	"Fløysvik"	216
"Personer"	"Flåten"	495
"Personer"	"Foldnes"	221
"Personer"	"Folgerø"	341
"Personer"	"Folkedal"	237
"Personer"	"Folkestad"	639
"Personer"	"Folkvord"	332
"Personer"	"Folland"	262
"Personer"	"Follestad"	378
"Personer"	"Fonn"	264
"Personer"	"Fonnes"	215
"Personer"	"Forberg"	538
"Personer"	"Forbord"	341
"Personer"	"Forland"	297
"Personer"	"Formo"	349
"Personer"	"Fornes"	501
"Personer"	"Forsberg"	838
"Personer"	"Forseth"	357
"Personer"	"Forsmo"	325
"Personer"	"Fosen"	219
"Personer"	"Foss"	3137
"Personer"	"Fossan"	303
"Personer"	"Fossdal"	443
"Personer"	"Fosse"	2190
"Personer"	"Fossen"	1027
"Personer"	"Fosser"	203
"Personer"	"Fosshaug"	276
"Personer"	"Fossheim"	783
"Personer"	"Fossland"	294
"Personer"	"Fossli"	384
"Personer"	"Fossmark"	235
"Personer"	"Fossmo"	272
"Personer"	"Fossnes"	236
"Personer"	"Fossum"	2708
"Personer"	"Fotland"	511
"Personer"	"Frafjord"	489
"Personer"	"Framnes"	290
"Personer"	"Frank"	210
"Personer"	"Frantzen"	1503
"Personer"	"Fredheim"	1365
"Personer"	"Fredriksen"	6654
"Personer"	"Fremstad"	557
"Personer"	"Fretheim"	261
"Personer"	"Friberg"	361
"Personer"	"Friestad"	504
"Personer"	"Frigstad"	359
"Personer"	"Friis"	504
"Personer"	"Frivold"	211
"Personer"	"Frogner"	517
"Personer"	"Frost"	214
"Personer"	"Frostad"	477
"Personer"	"Frydenberg"	314
"Personer"	"Frydenlund"	1097
"Personer"	"Frøiland"	281
"Personer"	"Frøland"	467
"Personer"	"Frøseth"	301
"Personer"	"Frøshaug"	212
"Personer"	"Frøyen"	351
"Personer"	"Frøyland"	667
"Personer"	"Frøysa"	242
"Personer"	"Frøystad"	260
"Personer"	"Fuglerud"	275
"Personer"	"Fuglestad"	653
"Personer"	"Fure"	546
"Personer"	"Furnes"	1003
"Personer"	"Furre"	329
"Personer"	"Furset"	255
"Personer"	"Furseth"	282
"Personer"	"Furu"	534
"Personer"	"Furuhaug"	.
"Personer"	"Furuheim"	251
"Personer"	"Furulund"	626
"Personer"	"Furunes"	319
"Personer"	"Furuseth"	886
"Personer"	"Fyhn"	241
"Personer"	"Fykse"	216
"Personer"	"Fylkesnes"	320
"Personer"	"Fylling"	511
"Personer"	"Fyllingen"	201
"Personer"	"Følstad"	261
"Personer"	"Førde"	1066
"Personer"	"Føreland"	217
"Personer"	"Førland"	857
"Personer"	"Førre"	254
"Personer"	"Førsund"	221
"Personer"	"Gaard"	210
"Personer"	"Gaarder"	620
"Personer"	"Gabrielsen"	3065
"Personer"	"Gamst"	536
"Personer"	"Gangstad"	234
"Personer"	"Garberg"	452
"Personer"	"Garcia"	311
"Personer"	"Garnes"	447
"Personer"	"Garshol"	249
"Personer"	"Garvik"	357
"Personer"	"Gashi"	597
"Personer"	"Gaup"	571
"Personer"	"Gausdal"	294
"Personer"	"Gaustad"	746
"Personer"	"Gebremichael"	214
"Personer"	"Georgsen"	221
"Personer"	"Gerhardsen"	524
"Personer"	"Gilberg"	317
"Personer"	"Gilde"	214
"Personer"	"Gilje"	1034
"Personer"	"Gill"	442
"Personer"	"Gillebo"	236
"Personer"	"Gimre"	204
"Personer"	"Gimse"	221
"Personer"	"Giske"	771
"Personer"	"Giæver"	280
"Personer"	"Gjedrem"	225
"Personer"	"Gjelstad"	317
"Personer"	"Gjelsten"	254
"Personer"	"Gjelsvik"	662
"Personer"	"Gjendem"	334
"Personer"	"Gjengedal"	265
"Personer"	"Gjengstø"	219
"Personer"	"Gjerde"	3418
"Personer"	"Gjerdingen"	208
"Personer"	"Gjerdrum"	272
"Personer"	"Gjerløw"	203
"Personer"	"Gjermundsen"	213
"Personer"	"Gjerstad"	1015
"Personer"	"Gjersvik"	218
"Personer"	"Gjersøe"	259
"Personer"	"Gjertsen"	1635
"Personer"	"Gjeruldsen"	201
"Personer"	"Gjervik"	217
"Personer"	"Gjesdal"	672
"Personer"	"Gjessing"	310
"Personer"	"Gjestad"	202
"Personer"	"Gjestvang"	272
"Personer"	"Gjøen"	.
"Personer"	"Gjønnes"	256
"Personer"	"Gjøsund"	245
"Personer"	"Glad"	257
"Personer"	"Gleditsch"	222
"Personer"	"Glesnes"	337
"Personer"	"Gloppen"	218
"Personer"	"Goa"	389
"Personer"	"Godø"	532
"Personer"	"Gonzalez"	231
"Personer"	"Graff"	346
"Personer"	"Gram"	398
"Personer"	"Gramstad"	412
"Personer"	"Gran"	1795
"Personer"	"Granberg"	624
"Personer"	"Grande"	1604
"Personer"	"Granerud"	403
"Personer"	"Granheim"	684
"Personer"	"Granli"	954
"Personer"	"Granlund"	621
"Personer"	"Granly"	284
"Personer"	"Granmo"	227
"Personer"	"Grannes"	235
"Personer"	"Granum"	668
"Personer"	"Granås"	433
"Personer"	"Grav"	280
"Personer"	"Gravdahl"	205
"Personer"	"Gravdal"	1144
"Personer"	"Gravem"	227
"Personer"	"Grebstad"	251
"Personer"	"Green"	650
"Personer"	"Gregersen"	949
"Personer"	"Greve"	319
"Personer"	"Grimnes"	212
"Personer"	"Grimsmo"	239
"Personer"	"Grimsrud"	543
"Personer"	"Grimstad"	1561
"Personer"	"Grinde"	511
"Personer"	"Grinden"	213
"Personer"	"Grindhaug"	272
"Personer"	"Grindheim"	955
"Personer"	"Grini"	443
"Personer"	"Grongstad"	319
"Personer"	"Groth"	278
"Personer"	"Grotle"	288
"Personer"	"Grov"	535
"Personer"	"Groven"	557
"Personer"	"Grude"	448
"Personer"	"Grue"	283
"Personer"	"Grytten"	520
"Personer"	"Grødem"	507
"Personer"	"Grønbech"	274
"Personer"	"Grønberg"	202
"Personer"	"Grøndahl"	621
"Personer"	"Grøndal"	244
"Personer"	"Grøndalen"	230
"Personer"	"Grøneng"	271
"Personer"	"Grønhaug"	233
"Personer"	"Grønli"	877
"Personer"	"Grønlie"	238
"Personer"	"Grønlien"	211
"Personer"	"Grønlund"	391
"Personer"	"Grønn"	262
"Personer"	"Grønnestad"	232
"Personer"	"Grønnevik"	330
"Personer"	"Grønning"	793
"Personer"	"Grønningsæter"	307
"Personer"	"Grønseth"	326
"Personer"	"Grønstad"	339
"Personer"	"Grønvik"	250
"Personer"	"Grønvold"	1211
"Personer"	"Grønås"	573
"Personer"	"Grøstad"	308
"Personer"	"Grøtan"	233
"Personer"	"Grøterud"	229
"Personer"	"Grøtte"	363
"Personer"	"Grøtting"	345
"Personer"	"Gudbrandsen"	557
"Personer"	"Guddal"	340
"Personer"	"Gudmestad"	394
"Personer"	"Gudmundsen"	652
"Personer"	"Gulbrandsen"	4543
"Personer"	"Guldahl"	208
"Personer"	"Guldberg"	237
"Personer"	"Gullaksen"	453
"Personer"	"Gulli"	218
"Personer"	"Gulliksen"	1540
"Personer"	"Gundersen"	9957
"Personer"	"Gunnarsen"	215
"Personer"	"Gunnarsson"	.
"Personer"	"Gunnerud"	310
"Personer"	"Gunnerød"	244
"Personer"	"Gunnes"	263
"Personer"	"Gunnestad"	233
"Personer"	"Gupta"	238
"Personer"	"Gussiås"	211
"Personer"	"Gustad"	395
"Personer"	"Gustafsson"	529
"Personer"	"Gustavsen"	2912
"Personer"	"Gustavson"	200
"Personer"	"Guttorm"	268
"Personer"	"Guttormsen"	1327
"Personer"	"Gylland"	.
"Personer"	"Gården"	229
"Personer"	"Gåsland"	269
"Personer"	"Haagensen"	815
"Personer"	"Haakonsen"	398
"Personer"	"Haaland"	2267
"Personer"	"Haarberg"	302
"Personer"	"Haarr"	370
"Personer"	"Haarstad"	208
"Personer"	"Haave"	591
"Personer"	"Haavik"	531
"Personer"	"Habberstad"	259
"Personer"	"Habbestad"	333
"Personer"	"Habte"	269
"Personer"	"Haddal"	255
"Personer"	"Haddeland"	344
"Personer"	"Hadland"	502
"Personer"	"Hafstad"	506
"Personer"	"Haga"	2349
"Personer"	"Hagberg"	249
"Personer"	"Hage"	707
"Personer"	"Hageland"	248
"Personer"	"Hagelund"	374
"Personer"	"Hagen"	13751
"Personer"	"Hagenes"	354
"Personer"	"Hagerup"	527
"Personer"	"Hagland"	274
"Personer"	"Haglund"	472
"Personer"	"Hagos"	304
"Personer"	"Haidari"	275
"Personer"	"Haile"	672
"Personer"	"Haji"	337
"Personer"	"Halden"	279
"Personer"	"Haldorsen"	866
"Personer"	"Hall"	375
"Personer"	"Hallan"	280
"Personer"	"Halland"	710
"Personer"	"Hallberg"	203
"Personer"	"Halle"	587
"Personer"	"Halleland"	288
"Personer"	"Halleraker"	302
"Personer"	"Hallingstad"	205
"Personer"	"Hals"	815
"Personer"	"Halse"	352
"Personer"	"Halsen"	231
"Personer"	"Halseth"	429
"Personer"	"Halstensen"	358
"Personer"	"Halvorsen"	11012
"Personer"	"Halvorsrud"	267
"Personer"	"Hamborg"	203
"Personer"	"Hamid"	289
"Personer"	"Hammer"	3070
"Personer"	"Hammeren"	242
"Personer"	"Hammersland"	434
"Personer"	"Hammerstad"	479
"Personer"	"Hammervold"	363
"Personer"	"Hammerø"	232
"Personer"	"Hamnes"	339
"Personer"	"Hamre"	2213
"Personer"	"Hana"	219
"Personer"	"Handeland"	1062
"Personer"	"Hannestad"	239
"Personer"	"Hannisdal"	271
"Personer"	"Hansen"	50582
"Personer"	"Hanssen"	5670
"Personer"	"Hansson"	769
"Personer"	"Hanstad"	316
"Personer"	"Haraldseid"	318
"Personer"	"Haraldsen"	1411
"Personer"	"Haraldstad"	300
"Personer"	"Haram"	472
"Personer"	"Harbo"	.
"Personer"	"Hareide"	453
"Personer"	"Harestad"	396
"Personer"	"Harila"	207
"Personer"	"Harkestad"	210
"Personer"	"Harlem"	206
"Personer"	"Harnes"	271
"Personer"	"Harstad"	599
"Personer"	"Harsvik"	212
"Personer"	"Hartmann"	377
"Personer"	"Hartveit"	251
"Personer"	"Hartvigsen"	417
"Personer"	"Hartviksen"	256
"Personer"	"Hasan"	804
"Personer"	"Hashi"	332
"Personer"	"Hasle"	476
"Personer"	"Hassan"	3195
"Personer"	"Hassel"	556
"Personer"	"Hasselberg"	228
"Personer"	"Hasund"	237
"Personer"	"Hatland"	332
"Personer"	"Hatlem"	290
"Personer"	"Hatlen"	398
"Personer"	"Hatlestad"	407
"Personer"	"Hatlevik"	280
"Personer"	"Hatløy"	201
"Personer"	"Hatteland"	236
"Personer"	"Hauan"	561
"Personer"	"Haug"	4985
"Personer"	"Haugan"	2042
"Personer"	"Hauge"	6304
"Personer"	"Haugen"	14087
"Personer"	"Hauger"	665
"Personer"	"Haugerud"	1001
"Personer"	"Haugland"	5712
"Personer"	"Haugli"	640
"Personer"	"Hauglid"	215
"Personer"	"Haugnes"	408
"Personer"	"Haugo"	263
"Personer"	"Haugom"	416
"Personer"	"Haugsdal"	362
"Personer"	"Haugseth"	442
"Personer"	"Haugstad"	854
"Personer"	"Haugsvær"	269
"Personer"	"Haugum"	273
"Personer"	"Haugvaldstad"	336
"Personer"	"Haukaas"	352
"Personer"	"Haukedal"	234
"Personer"	"Haukeland"	697
"Personer"	"Haukenes"	248
"Personer"	"Haukland"	483
"Personer"	"Haukås"	846
"Personer"	"Hausken"	423
"Personer"	"Haveland"	291
"Personer"	"Haver"	282
"Personer"	"Havik"	244
"Personer"	"Havn"	370
"Personer"	"Havnen"	209
"Personer"	"Hay"	294
"Personer"	"Hebnes"	357
"Personer"	"Heen"	536
"Personer"	"Hegdal"	293
"Personer"	"Hegg"	387
"Personer"	"Heggdal"	478
"Personer"	"Hegge"	706
"Personer"	"Heggedal"	275
"Personer"	"Heggelund"	1027
"Personer"	"Heggem"	642
"Personer"	"Heggen"	707
"Personer"	"Heggernes"	296
"Personer"	"Heggestad"	227
"Personer"	"Heggheim"	368
"Personer"	"Heggland"	573
"Personer"	"Hegglund"	207
"Personer"	"Heggset"	.
"Personer"	"Heggøy"	307
"Personer"	"Hegland"	451
"Personer"	"Hegna"	542
"Personer"	"Hegre"	260
"Personer"	"Hegstad"	356
"Personer"	"Heia"	368
"Personer"	"Heiberg"	623
"Personer"	"Heidari"	216
"Personer"	"Heide"	432
"Personer"	"Heien"	369
"Personer"	"Heier"	535
"Personer"	"Heim"	250
"Personer"	"Heimdal"	1084
"Personer"	"Heimstad"	257
"Personer"	"Heistad"	219
"Personer"	"Heitmann"	707
"Personer"	"Helberg"	353
"Personer"	"Heldal"	469
"Personer"	"Helgeland"	950
"Personer"	"Helgerud"	402
"Personer"	"Helgesen"	3411
"Personer"	"Helgestad"	273
"Personer"	"Helgheim"	286
"Personer"	"Helgøy"	213
"Personer"	"Hella"	272
"Personer"	"Hellan"	201
"Personer"	"Helland"	4299
"Personer"	"Helle"	2117
"Personer"	"Hellebust"	327
"Personer"	"Hellebø"	206
"Personer"	"Helleland"	450
"Personer"	"Hellem"	486
"Personer"	"Hellenes"	207
"Personer"	"Helleren"	280
"Personer"	"Hellerud"	730
"Personer"	"Hellesø"	228
"Personer"	"Hellesøy"	.
"Personer"	"Hellevik"	423
"Personer"	"Helliesen"	231
"Personer"	"Hellstrøm"	250
"Personer"	"Hellum"	633
"Personer"	"Helmersen"	713
"Personer"	"Helset"	270
"Personer"	"Helseth"	541
"Personer"	"Helstad"	276
"Personer"	"Heltne"	302
"Personer"	"Helvik"	233
"Personer"	"Hem"	556
"Personer"	"Hemmingsen"	269
"Personer"	"Henden"	708
"Personer"	"Henningsen"	614
"Personer"	"Hennum"	382
"Personer"	"Henriksen"	11078
"Personer"	"Hepsø"	263
"Personer"	"Herdlevær"	210
"Personer"	"Herheim"	260
"Personer"	"Herigstad"	220
"Personer"	"Herland"	881
"Personer"	"Hermann"	.
"Personer"	"Hermansen"	3447
"Personer"	"Hernes"	818
"Personer"	"Hernæs"	235
"Personer"	"Herstad"	446
"Personer"	"Hervik"	241
"Personer"	"Hesjedal"	323
"Personer"	"Heskestad"	227
"Personer"	"Hesselberg"	205
"Personer"	"Hessen"	323
"Personer"	"Hestad"	533
"Personer"	"Hestenes"	217
"Personer"	"Hestetun"	226
"Personer"	"Hestnes"	661
"Personer"	"Hestvik"	294
"Personer"	"Hetland"	1848
"Personer"	"Hevrøy"	217
"Personer"	"Hexeberg"	213
"Personer"	"Heyerdahl"	435
"Personer"	"Hidle"	294
"Personer"	"Hilde"	246
"Personer"	"Hildre"	351
"Personer"	"Hildrum"	259
"Personer"	"Hille"	320
"Personer"	"Hilleren"	235
"Personer"	"Hillestad"	925
"Personer"	"Hilmarsen"	203
"Personer"	"Hilstad"	264
"Personer"	"Hindenes"	344
"Personer"	"Hinna"	241
"Personer"	"Hirsi"	207
"Personer"	"Hjelde"	265
"Personer"	"Hjelle"	1441
"Personer"	"Hjelm"	249
"Personer"	"Hjelmeland"	605
"Personer"	"Hjelseth"	290
"Personer"	"Hjelvik"	311
"Personer"	"Hjorth"	238
"Personer"	"Hjortland"	450
"Personer"	"Hjulstad"	213
"Personer"	"Hjønnevåg"	205
"Personer"	"Hjørnevik"	402
"Personer"	"Ho"	482
"Personer"	"Hoang"	443
"Personer"	"Hobberstad"	215
"Personer"	"Hoddevik"	339
"Personer"	"Hodne"	774
"Personer"	"Hodneland"	254
"Personer"	"Hoel"	2870
"Personer"	"Hoem"	1076
"Personer"	"Hoff"	2809
"Personer"	"Hoffmann"	347
"Personer"	"Hofseth"	379
"Personer"	"Hofstad"	889
"Personer"	"Hoftun"	214
"Personer"	"Hognestad"	472
"Personer"	"Hogstad"	617
"Personer"	"Hojem"	229
"Personer"	"Hokstad"	231
"Personer"	"Hol"	238
"Personer"	"Holand"	829
"Personer"	"Holberg"	612
"Personer"	"Holden"	700
"Personer"	"Hole"	1974
"Personer"	"Holen"	2159
"Personer"	"Holgersen"	509
"Personer"	"Hollund"	240
"Personer"	"Holm"	6522
"Personer"	"Holmberg"	457
"Personer"	"Holme"	766
"Personer"	"Holmedal"	452
"Personer"	"Holmefjord"	338
"Personer"	"Holmen"	2813
"Personer"	"Holmgren"	510
"Personer"	"Holmsen"	470
"Personer"	"Holmstrøm"	236
"Personer"	"Holmvik"	281
"Personer"	"Holmøy"	225
"Personer"	"Holsen"	422
"Personer"	"Holst"	1347
"Personer"	"Holstad"	846
"Personer"	"Holt"	1553
"Personer"	"Holta"	268
"Personer"	"Holtan"	756
"Personer"	"Holte"	1674
"Personer"	"Holten"	974
"Personer"	"Holter"	1421
"Personer"	"Holtet"	724
"Personer"	"Holth"	817
"Personer"	"Holthe"	1216
"Personer"	"Holum"	369
"Personer"	"Holvik"	434
"Personer"	"Homme"	640
"Personer"	"Honningsvåg"	303
"Personer"	"Hop"	217
"Personer"	"Hope"	1334
"Personer"	"Hopen"	447
"Personer"	"Hopland"	1041
"Personer"	"Hordvik"	256
"Personer"	"Horgen"	507
"Personer"	"Horn"	1033
"Personer"	"Horne"	477
"Personer"	"Hornnes"	239
"Personer"	"Horntvedt"	253
"Personer"	"Horpestad"	529
"Personer"	"Horten"	284
"Personer"	"Horvei"	303
"Personer"	"Hoseth"	266
"Personer"	"Hosseini"	391
"Personer"	"Hotvedt"	320
"Personer"	"Hov"	725
"Personer"	"Hovd"	212
"Personer"	"Hovda"	644
"Personer"	"Hovdal"	207
"Personer"	"Hovde"	1378
"Personer"	"Hovden"	1259
"Personer"	"Hove"	972
"Personer"	"Hovin"	205
"Personer"	"Hovind"	457
"Personer"	"Hovland"	3426
"Personer"	"Huang"	242
"Personer"	"Hult"	205
"Personer"	"Hunstad"	457
"Personer"	"Hurlen"	314
"Personer"	"Husa"	386
"Personer"	"Husabø"	221
"Personer"	"Husby"	1850
"Personer"	"Huse"	1044
"Personer"	"Huseby"	1029
"Personer"	"Husebø"	835
"Personer"	"Husevåg"	295
"Personer"	"Hussain"	1890
"Personer"	"Hussaini"	216
"Personer"	"Hussein"	1916
"Personer"	"Hustad"	979
"Personer"	"Hustoft"	246
"Personer"	"Hustveit"	237
"Personer"	"Husum"	256
"Personer"	"Husøy"	494
"Personer"	"Huus"	326
"Personer"	"Huynh"	877
"Personer"	"Hval"	314
"Personer"	"Hvattum"	231
"Personer"	"Hveding"	300
"Personer"	"Hveem"	288
"Personer"	"Hvidsten"	938
"Personer"	"Hylland"	238
"Personer"	"Hynne"	445
"Personer"	"Hystad"	415
"Personer"	"Hægeland"	357
"Personer"	"Hætta"	546
"Personer"	"Høgberg"	273
"Personer"	"Høgli"	268
"Personer"	"Høglund"	254
"Personer"	"Høgset"	352
"Personer"	"Høgseth"	375
"Personer"	"Høgås"	245
"Personer"	"Høiberg"	257
"Personer"	"Høiby"	478
"Personer"	"Høie"	695
"Personer"	"Høiland"	756
"Personer"	"Høines"	336
"Personer"	"Høiseth"	330
"Personer"	"Høivik"	298
"Personer"	"Hølland"	285
"Personer"	"Høvik"	827
"Personer"	"Høydahl"	245
"Personer"	"Høydal"	572
"Personer"	"Høye"	293
"Personer"	"Høyem"	467
"Personer"	"Høyer"	366
"Personer"	"Høyland"	1335
"Personer"	"Høyvik"	509
"Personer"	"Hågensen"	978
"Personer"	"Håheim"	470
"Personer"	"Håkonsen"	1375
"Personer"	"Håland"	3120
"Personer"	"Hånes"	204
"Personer"	"Håpnes"	224
"Personer"	"Hårstad"	520
"Personer"	"Håvik"	589
"Personer"	"Ibrahim"	2366
"Personer"	"Iden"	249
"Personer"	"Idland"	565
"Personer"	"Idris"	253
"Personer"	"Idsø"	251
"Personer"	"Idsøe"	277
"Personer"	"Igland"	440
"Personer"	"Ihle"	286
"Personer"	"Ihlen"	208
"Personer"	"Ims"	377
"Personer"	"Indahl"	218
"Personer"	"Indergård"	254
"Personer"	"Indrebø"	410
"Personer"	"Ingebretsen"	880
"Personer"	"Ingebrigtsen"	2881
"Personer"	"Ingvaldsen"	1102
"Personer"	"Innvær"	213
"Personer"	"Iqbal"	1210
"Personer"	"Irgens"	471
"Personer"	"Isachsen"	407
"Personer"	"Isaksen"	4722
"Personer"	"Isdahl"	254
"Personer"	"Isdal"	226
"Personer"	"Isene"	202
"Personer"	"Ismail"	1026
"Personer"	"Issa"	293
"Personer"	"Istad"	326
"Personer"	"Ivanov"	238
"Personer"	"Ivanova"	230
"Personer"	"Iversen"	9887
"Personer"	"Jacobsen"	11655
"Personer"	"Jafari"	270
"Personer"	"Jahnsen"	525
"Personer"	"Jahr"	621
"Personer"	"Jahren"	632
"Personer"	"Jakobsen"	10407
"Personer"	"Jama"	849
"Personer"	"Jansen"	3121
"Personer"	"Jansson"	636
"Personer"	"Javed"	241
"Personer"	"Jensen"	22223
"Personer"	"Jensrud"	207
"Personer"	"Jenssen"	4182
"Personer"	"Jentoft"	364
"Personer"	"Jeppesen"	220
"Personer"	"Jerstad"	210
"Personer"	"Jespersen"	409
"Personer"	"Jessen"	408
"Personer"	"Jevnaker"	.
"Personer"	"Jevne"	316
"Personer"	"Joa"	232
"Personer"	"Joakimsen"	273
"Personer"	"Johannesen"	2394
"Personer"	"Johannessen"	12803
"Personer"	"Johansen"	48049
"Personer"	"Johanson"	299
"Personer"	"Johansson"	2415
"Personer"	"Johnsen"	20049
"Personer"	"Johnson"	848
"Personer"	"Johnsrud"	1237
"Personer"	"Johnstad"	.
"Personer"	"Jonassen"	2451
"Personer"	"Jones"	424
"Personer"	"Jonsson"	783
"Personer"	"Jordal"	572
"Personer"	"Jordalen"	227
"Personer"	"Jordan"	229
"Personer"	"Jordet"	379
"Personer"	"Jordheim"	208
"Personer"	"Josdal"	235
"Personer"	"Josefsen"	820
"Personer"	"Jovanovic"	224
"Personer"	"Juell"	235
"Personer"	"Juliussen"	741
"Personer"	"Justad"	255
"Personer"	"Juul"	449
"Personer"	"Juvik"	374
"Personer"	"Jæger"	523
"Personer"	"Jønsson"	365
"Personer"	"Jørgensen"	11128
"Personer"	"Jørstad"	1080
"Personer"	"Jøssang"	283
"Personer"	"Jåsund"	221
"Personer"	"Kaasa"	900
"Personer"	"Kahsay"	233
"Personer"	"Kaland"	491
"Personer"	"Kaldestad"	304
"Personer"	"Kaldheim"	200
"Personer"	"Kalland"	483
"Personer"	"Kalleberg"	313
"Personer"	"Kallestad"	356
"Personer"	"Kallevik"	557
"Personer"	"Kalstad"	369
"Personer"	"Kalvik"	398
"Personer"	"Kanestrøm"	297
"Personer"	"Kapstad"	220
"Personer"	"Kara"	249
"Personer"	"Karim"	382
"Personer"	"Karimi"	433
"Personer"	"Karlsen"	20411
"Personer"	"Karlson"	267
"Personer"	"Karlsrud"	357
"Personer"	"Karlsson"	1365
"Personer"	"Karlstad"	653
"Personer"	"Karlstrøm"	213
"Personer"	"Karoliussen"	503
"Personer"	"Karstensen"	597
"Personer"	"Kasin"	270
"Personer"	"Kaspersen"	1310
"Personer"	"Kaupang"	245
"Personer"	"Kaur"	1257
"Personer"	"Kausar"	298
"Personer"	"Kavli"	315
"Personer"	"Kaya"	311
"Personer"	"Khalaf"	215
"Personer"	"Khalid"	370
"Personer"	"Khalil"	461
"Personer"	"Khan"	2928
"Personer"	"Kibsgaard"	216
"Personer"	"Kidane"	496
"Personer"	"Kielland"	455
"Personer"	"Kihle"	297
"Personer"	"Kiil"	323
"Personer"	"Kildahl"	228
"Personer"	"Kildal"	608
"Personer"	"Kile"	337
"Personer"	"Kilen"	361
"Personer"	"Killi"	352
"Personer"	"Kim"	298
"Personer"	"Kind"	254
"Personer"	"Kinn"	307
"Personer"	"Kirkeby"	473
"Personer"	"Kirkerud"	263
"Personer"	"Kirkevold"	203
"Personer"	"Kirkhus"	268
"Personer"	"Kirknes"	271
"Personer"	"Kittelsen"	644
"Personer"	"Kittilsen"	604
"Personer"	"Kjeilen"	205
"Personer"	"Kjeldsberg"	259
"Personer"	"Kjeldsen"	516
"Personer"	"Kjellevold"	329
"Personer"	"Kjelsberg"	215
"Personer"	"Kjelsrud"	255
"Personer"	"Kjelstad"	232
"Personer"	"Kjerstad"	411
"Personer"	"Kjesbu"	206
"Personer"	"Kjos"	542
"Personer"	"Kjær"	959
"Personer"	"Kjærland"	213
"Personer"	"Kjærnes"	200
"Personer"	"Kjærstad"	584
"Personer"	"Kjærvik"	265
"Personer"	"Kjøde"	.
"Personer"	"Kjølberg"	243
"Personer"	"Kjølstad"	433
"Personer"	"Kjørstad"	240
"Personer"	"Kjørsvik"	466
"Personer"	"Kjøsnes"	431
"Personer"	"Klakegg"	235
"Personer"	"Klausen"	1603
"Personer"	"Klaussen"	345
"Personer"	"Klavenes"	200
"Personer"	"Klein"	219
"Personer"	"Kleiv"	221
"Personer"	"Kleiveland"	240
"Personer"	"Kleiven"	1202
"Personer"	"Klemetsen"	399
"Personer"	"Klepp"	406
"Personer"	"Kleppa"	250
"Personer"	"Kleppe"	1882
"Personer"	"Klette"	334
"Personer"	"Klev"	264
"Personer"	"Kleveland"	418
"Personer"	"Kleven"	2026
"Personer"	"Klingenberg"	315
"Personer"	"Klokk"	349
"Personer"	"Kloster"	387
"Personer"	"Klungland"	481
"Personer"	"Klungtveit"	208
"Personer"	"Klyve"	202
"Personer"	"Klæboe"	342
"Personer"	"Kløvstad"	259
"Personer"	"Knapstad"	378
"Personer"	"Knarvik"	285
"Personer"	"Knoph"	337
"Personer"	"Knotten"	204
"Personer"	"Knudsen"	6039
"Personer"	"Knutsen"	8308
"Personer"	"Koch"	374
"Personer"	"Kofoed"	207
"Personer"	"Kolberg"	620
"Personer"	"Kolbjørnsen"	279
"Personer"	"Kolle"	224
"Personer"	"Kolltveit"	350
"Personer"	"Kolnes"	506
"Personer"	"Kolseth"	209
"Personer"	"Kolsrud"	328
"Personer"	"Kolstad"	2167
"Personer"	"Kolstø"	336
"Personer"	"Kolås"	319
"Personer"	"Kommedal"	232
"Personer"	"Kongshaug"	330
"Personer"	"Kongsrud"	213
"Personer"	"Kongsvik"	273
"Personer"	"Konradsen"	303
"Personer"	"Koppang"	281
"Personer"	"Kopperud"	776
"Personer"	"Koren"	248
"Personer"	"Korneliussen"	998
"Personer"	"Korslund"	.
"Personer"	"Korsmo"	510
"Personer"	"Korsnes"	513
"Personer"	"Korsvik"	242
"Personer"	"Korsvold"	284
"Personer"	"Kowalczyk"	286
"Personer"	"Kowalski"	272
"Personer"	"Kraft"	319
"Personer"	"Krane"	367
"Personer"	"Krasniqi"	548
"Personer"	"Kringstad"	286
"Personer"	"Kristensen"	6715
"Personer"	"Kristiansen"	22614
"Personer"	"Kristoffersen"	7614
"Personer"	"Krog"	459
"Personer"	"Krogh"	1549
"Personer"	"Krogsrud"	235
"Personer"	"Krogstad"	1664
"Personer"	"Krogsæter"	252
"Personer"	"Krohn"	494
"Personer"	"Kroken"	767
"Personer"	"Krokstad"	206
"Personer"	"Kronstad"	375
"Personer"	"Krosby"	215
"Personer"	"Kruse"	434
"Personer"	"Kryger"	423
"Personer"	"Kråkenes"	398
"Personer"	"Kulseth"	210
"Personer"	"Kumar"	420
"Personer"	"Kvaal"	394
"Personer"	"Kvaale"	205
"Personer"	"Kvale"	510
"Personer"	"Kvalheim"	1013
"Personer"	"Kvalnes"	277
"Personer"	"Kvalsund"	422
"Personer"	"Kvalsvik"	606
"Personer"	"Kvalvik"	873
"Personer"	"Kvalvåg"	381
"Personer"	"Kvalø"	260
"Personer"	"Kvaløy"	224
"Personer"	"Kvam"	2157
"Personer"	"Kvame"	223
"Personer"	"Kvamme"	2123
"Personer"	"Kvammen"	732
"Personer"	"Kvamsdal"	269
"Personer"	"Kvandal"	249
"Personer"	"Kvande"	342
"Personer"	"Kvarme"	458
"Personer"	"Kvello"	222
"Personer"	"Kvernberg"	305
"Personer"	"Kverneland"	278
"Personer"	"Kvernmo"	359
"Personer"	"Kvia"	228
"Personer"	"Kvien"	224
"Personer"	"Kvilhaug"	332
"Personer"	"Kvinge"	460
"Personer"	"Kvinlaug"	208
"Personer"	"Kvinnesland"	253
"Personer"	"Kvistad"	217
"Personer"	"Kværner"	205
"Personer"	"Kvåle"	865
"Personer"	"Kydland"	268
"Personer"	"Kyllingstad"	352
"Personer"	"Kyvik"	224
"Personer"	"Kårstad"	369
"Personer"	"Kåsa"	405
"Personer"	"Laastad"	227
"Personer"	"Lade"	231
"Personer"	"Lagesen"	207
"Personer"	"Laland"	228
"Personer"	"Lam"	362
"Personer"	"Lamo"	213
"Personer"	"Landa"	475
"Personer"	"Lande"	1379
"Personer"	"Landmark"	432
"Personer"	"Landro"	524
"Personer"	"Landrø"	267
"Personer"	"Landsem"	369
"Personer"	"Landsverk"	495
"Personer"	"Langaas"	251
"Personer"	"Langbråten"	.
"Personer"	"Lange"	1028
"Personer"	"Langedal"	262
"Personer"	"Langeland"	2167
"Personer"	"Langen"	204
"Personer"	"Langerud"	467
"Personer"	"Langfeldt"	256
"Personer"	"Langhelle"	399
"Personer"	"Langholm"	229
"Personer"	"Langli"	325
"Personer"	"Langlo"	321
"Personer"	"Langmo"	314
"Personer"	"Langnes"	470
"Personer"	"Langset"	247
"Personer"	"Langseth"	1084
"Personer"	"Langvik"	297
"Personer"	"Langø"	327
"Personer"	"Langørgen"	226
"Personer"	"Langøy"	337
"Personer"	"Langåker"	349
"Personer"	"Langås"	503
"Personer"	"Larsen"	36541
"Personer"	"Larssen"	1628
"Personer"	"Larsson"	1533
"Personer"	"Lassen"	377
"Personer"	"Laugen"	325
"Personer"	"Lauritsen"	1077
"Personer"	"Lauritzen"	1557
"Personer"	"Laursen"	228
"Personer"	"Lausund"	208
"Personer"	"Lauten"	222
"Personer"	"Lauvrak"	205
"Personer"	"Lauvås"	308
"Personer"	"Lavik"	536
"Personer"	"Le"	1906
"Personer"	"Lea"	741
"Personer"	"Lee"	507
"Personer"	"Lehmann"	221
"Personer"	"Lehn"	247
"Personer"	"Lehne"	258
"Personer"	"Leidland"	237
"Personer"	"Leikanger"	294
"Personer"	"Leiknes"	256
"Personer"	"Leikvoll"	304
"Personer"	"Lein"	594
"Personer"	"Leine"	436
"Personer"	"Leira"	282
"Personer"	"Leirdal"	223
"Personer"	"Leirvik"	744
"Personer"	"Leirvåg"	250
"Personer"	"Leistad"	319
"Personer"	"Leite"	461
"Personer"	"Leithe"	350
"Personer"	"Leivestad"	242
"Personer"	"Leknes"	581
"Personer"	"Lekven"	269
"Personer"	"Lende"	348
"Personer"	"Lenes"	223
"Personer"	"Leonhardsen"	314
"Personer"	"Leren"	260
"Personer"	"Lervik"	1469
"Personer"	"Lervåg"	414
"Personer"	"Lerøy"	228
"Personer"	"Letnes"	209
"Personer"	"Levang"	260
"Personer"	"Li"	856
"Personer"	"Lia"	1083
"Personer"	"Liabø"	274
"Personer"	"Lian"	2018
"Personer"	"Liberg"	224
"Personer"	"Lid"	1203
"Personer"	"Lidal"	248
"Personer"	"Lie"	7385
"Personer"	"Lied"	474
"Personer"	"Lien"	6388
"Personer"	"Lieng"	278
"Personer"	"Lier"	796
"Personer"	"Liknes"	308
"Personer"	"Liland"	935
"Personer"	"Lilleberg"	223
"Personer"	"Lilleby"	317
"Personer"	"Lillebø"	748
"Personer"	"Lilleeng"	219
"Personer"	"Lilleengen"	202
"Personer"	"Lillegård"	312
"Personer"	"Lillehagen"	201
"Personer"	"Lillejord"	285
"Personer"	"Lilleland"	241
"Personer"	"Lillemo"	249
"Personer"	"Lilleng"	349
"Personer"	"Lillestøl"	341
"Personer"	"Lilletvedt"	279
"Personer"	"Lillevik"	603
"Personer"	"Lilleås"	263
"Personer"	"Lima"	624
"Personer"	"Lind"	2083
"Personer"	"Lindahl"	466
"Personer"	"Lindal"	288
"Personer"	"Lindanger"	257
"Personer"	"Lindberg"	1664
"Personer"	"Linde"	420
"Personer"	"Lindgaard"	224
"Personer"	"Lindgren"	813
"Personer"	"Lindhjem"	320
"Personer"	"Lindholm"	262
"Personer"	"Lindland"	627
"Personer"	"Lindquist"	275
"Personer"	"Lindqvist"	230
"Personer"	"Lindseth"	848
"Personer"	"Lindstad"	816
"Personer"	"Lindstrøm"	679
"Personer"	"Lindvik"	269
"Personer"	"Lindås"	253
"Personer"	"Linge"	290
"Personer"	"Linnerud"	685
"Personer"	"Liseth"	318
"Personer"	"Liu"	459
"Personer"	"Lium"	374
"Personer"	"Liverød"	250
"Personer"	"Ljones"	.
"Personer"	"Ljosland"	230
"Personer"	"Lockert"	229
"Personer"	"Lode"	623
"Personer"	"Loe"	585
"Personer"	"Loen"	214
"Personer"	"Lofthus"	432
"Personer"	"Log"	323
"Personer"	"Lohne"	987
"Personer"	"Lokøy"	257
"Personer"	"Lomeland"	279
"Personer"	"Lona"	207
"Personer"	"Lone"	291
"Personer"	"Longva"	606
"Personer"	"Lopez"	285
"Personer"	"Lorentsen"	976
"Personer"	"Lorentzen"	2842
"Personer"	"Lossius"	365
"Personer"	"Lothe"	898
"Personer"	"Lu"	232
"Personer"	"Ludvigsen"	2682
"Personer"	"Ludviksen"	272
"Personer"	"Lund"	11086
"Personer"	"Lundal"	273
"Personer"	"Lundberg"	1328
"Personer"	"Lundby"	612
"Personer"	"Lunde"	6860
"Personer"	"Lundeby"	237
"Personer"	"Lundekvam"	227
"Personer"	"Lundemo"	384
"Personer"	"Lunden"	666
"Personer"	"Lunder"	452
"Personer"	"Lundestad"	204
"Personer"	"Lundgren"	421
"Personer"	"Lundgård"	221
"Personer"	"Lundh"	220
"Personer"	"Lundquist"	254
"Personer"	"Lura"	357
"Personer"	"Lyche"	208
"Personer"	"Lydersen"	317
"Personer"	"Lygre"	427
"Personer"	"Lyng"	624
"Personer"	"Lyngmo"	283
"Personer"	"Lyngstad"	1120
"Personer"	"Lyngvær"	322
"Personer"	"Lynum"	245
"Personer"	"Lysaker"	403
"Personer"	"Lyse"	311
"Personer"	"Lysen"	201
"Personer"	"Lysgård"	259
"Personer"	"Lyshaug"	239
"Personer"	"Lysne"	205
"Personer"	"Lyssand"	322
"Personer"	"Lystad"	990
"Personer"	"Lysø"	360
"Personer"	"Lægreid"	457
"Personer"	"Lærum"	298
"Personer"	"Løberg"	747
"Personer"	"Løchen"	236
"Personer"	"Lødemel"	229
"Personer"	"Løge"	237
"Personer"	"Løken"	2373
"Personer"	"Løkke"	529
"Personer"	"Løkkeberg"	248
"Personer"	"Løkken"	2049
"Personer"	"Løkås"	373
"Personer"	"Løland"	1186
"Personer"	"Lønning"	590
"Personer"	"Løset"	222
"Personer"	"Løseth"	790
"Personer"	"Løtveit"	245
"Personer"	"Løvaas"	647
"Personer"	"Løvberg"	209
"Personer"	"Løvdal"	775
"Personer"	"Løver"	322
"Personer"	"Løvik"	889
"Personer"	"Løvland"	337
"Personer"	"Løvli"	450
"Personer"	"Løvlie"	260
"Personer"	"Løvlien"	280
"Personer"	"Løvold"	506
"Personer"	"Løvoll"	232
"Personer"	"Løvseth"	529
"Personer"	"Løvstad"	615
"Personer"	"Løvås"	904
"Personer"	"Løyning"	403
"Personer"	"Låstad"	233
"Personer"	"Madland"	402
"Personer"	"Madsen"	3796
"Personer"	"Magerøy"	233
"Personer"	"Magnus"	364
"Personer"	"Magnussen"	3403
"Personer"	"Magnusson"	382
"Personer"	"Mahamed"	635
"Personer"	"Mahammed"	201
"Personer"	"Mahamud"	395
"Personer"	"Mahmood"	799
"Personer"	"Mahmoud"	443
"Personer"	"Majid"	208
"Personer"	"Malde"	229
"Personer"	"Malik"	1002
"Personer"	"Malm"	332
"Personer"	"Malme"	204
"Personer"	"Malmedal"	235
"Personer"	"Malmin"	511
"Personer"	"Malmo"	401
"Personer"	"Malvik"	293
"Personer"	"Mandal"	291
"Personer"	"Mandelid"	222
"Personer"	"Mannes"	338
"Personer"	"Marcussen"	597
"Personer"	"Mardal"	215
"Personer"	"Marken"	366
"Personer"	"Markhus"	534
"Personer"	"Markussen"	1988
"Personer"	"Marstein"	262
"Personer"	"Martens"	279
"Personer"	"Marthinsen"	1735
"Personer"	"Marthinussen"	562
"Personer"	"Martin"	401
"Personer"	"Martinsen"	8323
"Personer"	"Martinussen"	1262
"Personer"	"Marvik"	242
"Personer"	"Marøy"	378
"Personer"	"Mathiassen"	961
"Personer"	"Mathiesen"	1395
"Personer"	"Mathisen"	7368
"Personer"	"Matre"	934
"Personer"	"Maudal"	242
"Personer"	"Maurstad"	268
"Personer"	"Mauseth"	410
"Personer"	"Mazur"	268
"Personer"	"Medhus"	233
"Personer"	"Meek"	285
"Personer"	"Mehari"	302
"Personer"	"Mehl"	235
"Personer"	"Mehlum"	228
"Personer"	"Mehmood"	244
"Personer"	"Mehus"	387
"Personer"	"Meidell"	220
"Personer"	"Meier"	275
"Personer"	"Meisingset"	277
"Personer"	"Meland"	1692
"Personer"	"Melberg"	216
"Personer"	"Melby"	1428
"Personer"	"Melbye"	628
"Personer"	"Melbø"	213
"Personer"	"Melgård"	245
"Personer"	"Melheim"	333
"Personer"	"Melhus"	729
"Personer"	"Meling"	1205
"Personer"	"Mellem"	367
"Personer"	"Mellemstrand"	247
"Personer"	"Mellingen"	393
"Personer"	"Mellum"	302
"Personer"	"Melsom"	265
"Personer"	"Melum"	250
"Personer"	"Melvold"	235
"Personer"	"Mentzoni"	340
"Personer"	"Merkesdal"	249
"Personer"	"Meyer"	1853
"Personer"	"Michaelsen"	820
"Personer"	"Michalsen"	388
"Personer"	"Michelsen"	1219
"Personer"	"Midtbø"	1066
"Personer"	"Midtgård"	319
"Personer"	"Midthun"	249
"Personer"	"Midtskogen"	253
"Personer"	"Midttun"	584
"Personer"	"Midttveit"	.
"Personer"	"Midtun"	630
"Personer"	"Mikaelsen"	246
"Personer"	"Mikalsen"	3440
"Personer"	"Mikkelborg"	310
"Personer"	"Mikkelsen"	4183
"Personer"	"Milde"	301
"Personer"	"Miljeteig"	268
"Personer"	"Miller"	318
"Personer"	"Minde"	453
"Personer"	"Minge"	301
"Personer"	"Mir"	213
"Personer"	"Mirza"	323
"Personer"	"Misje"	402
"Personer"	"Misund"	340
"Personer"	"Mittet"	355
"Personer"	"Mjelde"	929
"Personer"	"Mjøen"	450
"Personer"	"Mjølhus"	246
"Personer"	"Mjønes"	200
"Personer"	"Mjøs"	522
"Personer"	"Mjåland"	212
"Personer"	"Mjånes"	206
"Personer"	"Mo"	1593
"Personer"	"Moa"	227
"Personer"	"Moan"	439
"Personer"	"Moberg"	772
"Personer"	"Moe"	6808
"Personer"	"Moen"	10122
"Personer"	"Mogen"	.
"Personer"	"Mogstad"	327
"Personer"	"Mohamad"	371
"Personer"	"Mohamed"	3516
"Personer"	"Mohammad"	1051
"Personer"	"Mohammadi"	777
"Personer"	"Mohammed"	2149
"Personer"	"Mohamoud"	226
"Personer"	"Mohamud"	878
"Personer"	"Mohn"	354
"Personer"	"Moholt"	270
"Personer"	"Moi"	617
"Personer"	"Moksnes"	280
"Personer"	"Moland"	850
"Personer"	"Molde"	268
"Personer"	"Molden"	212
"Personer"	"Moldestad"	353
"Personer"	"Moldskred"	338
"Personer"	"Mollan"	210
"Personer"	"Molland"	403
"Personer"	"Mollestad"	212
"Personer"	"Molnes"	424
"Personer"	"Molstad"	328
"Personer"	"Molteberg"	220
"Personer"	"Moltu"	237
"Personer"	"Molund"	309
"Personer"	"Molvik"	468
"Personer"	"Molvær"	274
"Personer"	"Mong"	275
"Personer"	"Mongstad"	247
"Personer"	"Monsen"	2648
"Personer"	"Monstad"	315
"Personer"	"Moradi"	249
"Personer"	"Mork"	1444
"Personer"	"Morken"	928
"Personer"	"Morland"	251
"Personer"	"Mortensen"	3543
"Personer"	"Moseng"	270
"Personer"	"Moss"	448
"Personer"	"Mossige"	241
"Personer"	"Mostad"	298
"Personer"	"Mostue"	227
"Personer"	"Moum"	312
"Personer"	"Muggerud"	208
"Personer"	"Muhammad"	252
"Personer"	"Mundal"	495
"Personer"	"Munir"	218
"Personer"	"Munkvold"	300
"Personer"	"Munthe"	240
"Personer"	"Muren"	283
"Personer"	"Muri"	364
"Personer"	"Muse"	239
"Personer"	"Mustafa"	747
"Personer"	"Mydland"	642
"Personer"	"Myhr"	706
"Personer"	"Myhra"	387
"Personer"	"Myhre"	5749
"Personer"	"Myhren"	793
"Personer"	"Myhrer"	413
"Personer"	"Myhrvold"	574
"Personer"	"Myking"	388
"Personer"	"Mykland"	369
"Personer"	"Myklebost"	226
"Personer"	"Myklebust"	4369
"Personer"	"Myller"	908
"Personer"	"Myran"	550
"Personer"	"Myrdal"	234
"Personer"	"Myre"	389
"Personer"	"Myren"	1013
"Personer"	"Myrene"	254
"Personer"	"Myreng"	211
"Personer"	"Myrhaug"	394
"Personer"	"Myrland"	711
"Personer"	"Myrmel"	.
"Personer"	"Myrseth"	659
"Personer"	"Myrstad"	375
"Personer"	"Myrvang"	1891
"Personer"	"Myrvold"	1535
"Personer"	"Myrvoll"	623
"Personer"	"Mæhle"	413
"Personer"	"Mæhlum"	603
"Personer"	"Mæhre"	205
"Personer"	"Mæland"	2050
"Personer"	"Mæle"	239
"Personer"	"Mælen"	.
"Personer"	"Møgster"	332
"Personer"	"Møller"	2292
"Personer"	"Mørch"	799
"Personer"	"Mørck"	202
"Personer"	"Mørk"	1405
"Personer"	"Mørkved"	233
"Personer"	"Mørland"	212
"Personer"	"Måkestad"	202
"Personer"	"Naalsund"	210
"Personer"	"Naas"	290
"Personer"	"Nagy"	233
"Personer"	"Nakken"	663
"Personer"	"Narum"	266
"Personer"	"Narvestad"	226
"Personer"	"Natland"	270
"Personer"	"Natvig"	272
"Personer"	"Natvik"	274
"Personer"	"Natås"	215
"Personer"	"Naustdal"	316
"Personer"	"Nawaz"	242
"Personer"	"Nazari"	310
"Personer"	"Nedrebø"	559
"Personer"	"Nedregård"	243
"Personer"	"Nedrelid"	.
"Personer"	"Negård"	250
"Personer"	"Nekstad"	229
"Personer"	"Nelson"	225
"Personer"	"Nepstad"	.
"Personer"	"Nerdal"	294
"Personer"	"Nereng"	203
"Personer"	"Nergaard"	482
"Personer"	"Nergård"	959
"Personer"	"Nerheim"	266
"Personer"	"Nerhus"	292
"Personer"	"Nerland"	983
"Personer"	"Nerli"	233
"Personer"	"Nervik"	520
"Personer"	"Nes"	1394
"Personer"	"Nesbø"	363
"Personer"	"Nese"	411
"Personer"	"Neset"	489
"Personer"	"Nesheim"	1119
"Personer"	"Nesje"	505
"Personer"	"Nesland"	276
"Personer"	"Ness"	1828
"Personer"	"Nessa"	260
"Personer"	"Nesse"	1834
"Personer"	"Nesset"	828
"Personer"	"Nesvik"	286
"Personer"	"Neteland"	283
"Personer"	"Netland"	705
"Personer"	"Neumann"	228
"Personer"	"Neverdal"	279
"Personer"	"Nevland"	284
"Personer"	"Ngo"	576
"Personer"	"Nguyen"	7243
"Personer"	"Nicolaisen"	1198
"Personer"	"Nicolaysen"	1031
"Personer"	"Nielsen"	6075
"Personer"	"Nikolaisen"	2136
"Personer"	"Nilsen"	33279
"Personer"	"Nilssen"	3332
"Personer"	"Nilsson"	1596
"Personer"	"Nissen"	211
"Personer"	"Nistad"	289
"Personer"	"Njærheim"	253
"Personer"	"Nodeland"	226
"Personer"	"Nodland"	316
"Personer"	"Nome"	242
"Personer"	"Noor"	386
"Personer"	"Noori"	225
"Personer"	"Norberg"	390
"Personer"	"Nord"	514
"Personer"	"Nordahl"	1458
"Personer"	"Nordal"	1156
"Personer"	"Nordang"	272
"Personer"	"Nordanger"	301
"Personer"	"Nordberg"	578
"Personer"	"Nordby"	2515
"Personer"	"Nordbø"	1619
"Personer"	"Nordeide"	419
"Personer"	"Nordeng"	452
"Personer"	"Nordengen"	498
"Personer"	"Norderhaug"	229
"Personer"	"Nordgaard"	258
"Personer"	"Nordgård"	1107
"Personer"	"Nordhagen"	923
"Personer"	"Nordhaug"	396
"Personer"	"Nordheim"	1041
"Personer"	"Nordhus"	489
"Personer"	"Nordland"	260
"Personer"	"Nordli"	1888
"Personer"	"Nordlie"	386
"Personer"	"Nordlien"	266
"Personer"	"Nordlund"	261
"Personer"	"Nordmark"	274
"Personer"	"Nordmo"	407
"Personer"	"Nordnes"	704
"Personer"	"Nordrum"	231
"Personer"	"Nordseth"	537
"Personer"	"Nordskag"	217
"Personer"	"Nordskog"	396
"Personer"	"Nordstrand"	822
"Personer"	"Nordstrøm"	529
"Personer"	"Nordsveen"	295
"Personer"	"Nordtveit"	403
"Personer"	"Nordtømme"	248
"Personer"	"Nordvik"	1498
"Personer"	"Nordås"	574
"Personer"	"Noreng"	227
"Personer"	"Norheim"	1765
"Personer"	"Norland"	394
"Personer"	"Norli"	279
"Personer"	"Norman"	276
"Personer"	"Normann"	1506
"Personer"	"Nornes"	323
"Personer"	"Norum"	1080
"Personer"	"Norvik"	.
"Personer"	"Nowak"	599
"Personer"	"Nur"	379
"Personer"	"Nuur"	273
"Personer"	"Nybakk"	430
"Personer"	"Nybakken"	276
"Personer"	"Nyberg"	939
"Personer"	"Nyborg"	1521
"Personer"	"Nybråten"	342
"Personer"	"Nybø"	748
"Personer"	"Nydal"	436
"Personer"	"Nygaard"	3277
"Personer"	"Nygard"	208
"Personer"	"Nygren"	232
"Personer"	"Nygård"	6817
"Personer"	"Nyhagen"	381
"Personer"	"Nyheim"	1174
"Personer"	"Nyhus"	1471
"Personer"	"Nyhuus"	213
"Personer"	"Nyland"	1130
"Personer"	"Nylund"	818
"Personer"	"Nymark"	319
"Personer"	"Nymo"	571
"Personer"	"Nymoen"	1277
"Personer"	"Nyquist"	301
"Personer"	"Nyrud"	317
"Personer"	"Nyseth"	242
"Personer"	"Nystad"	929
"Personer"	"Nysted"	287
"Personer"	"Nystrand"	219
"Personer"	"Nystrøm"	334
"Personer"	"Nystuen"	532
"Personer"	"Nysveen"	314
"Personer"	"Nysæter"	377
"Personer"	"Nysæther"	281
"Personer"	"Nyvold"	207
"Personer"	"Nyvoll"	436
"Personer"	"Nærland"	490
"Personer"	"Nærø"	243
"Personer"	"Næs"	225
"Personer"	"Næss"	5051
"Personer"	"Nævdal"	351
"Personer"	"Nødland"	205
"Personer"	"Nøkland"	213
"Personer"	"Nøkleby"	326
"Personer"	"Nørstebø"	224
"Personer"	"Nøttveit"	225
"Personer"	"Obrestad"	232
"Personer"	"Odden"	1077
"Personer"	"Odland"	639
"Personer"	"Oen"	337
"Personer"	"Ofstad"	573
"Personer"	"Oftedal"	895
"Personer"	"Ohnstad"	261
"Personer"	"Okkenhaug"	209
"Personer"	"Oksnes"	244
"Personer"	"Olafsen"	1517
"Personer"	"Olaisen"	728
"Personer"	"Oland"	234
"Personer"	"Olaussen"	1721
"Personer"	"Olavesen"	349
"Personer"	"Olden"	328
"Personer"	"Oldervik"	209
"Personer"	"Olesen"	245
"Personer"	"Oliversen"	256
"Personer"	"Olsen"	47069
"Personer"	"Olsnes"	223
"Personer"	"Olsrud"	235
"Personer"	"Olsson"	1282
"Personer"	"Olstad"	1131
"Personer"	"Olsvik"	384
"Personer"	"Olufsen"	827
"Personer"	"Oma"	400
"Personer"	"Omar"	1674
"Personer"	"Omdahl"	212
"Personer"	"Omdal"	853
"Personer"	"Omer"	314
"Personer"	"Omholt"	317
"Personer"	"Omland"	749
"Personer"	"Ommedal"	284
"Personer"	"Ommundsen"	567
"Personer"	"Onarheim"	426
"Personer"	"Onstad"	255
"Personer"	"Opdahl"	540
"Personer"	"Opdal"	642
"Personer"	"Opedal"	497
"Personer"	"Opgård"	227
"Personer"	"Ophaug"	224
"Personer"	"Opheim"	1387
"Personer"	"Ophus"	251
"Personer"	"Opland"	325
"Personer"	"Oppedal"	670
"Personer"	"Oppegaard"	247
"Personer"	"Oppegård"	205
"Personer"	"Opsahl"	1521
"Personer"	"Opsal"	461
"Personer"	"Opseth"	223
"Personer"	"Opstad"	516
"Personer"	"Orre"	245
"Personer"	"Orvik"	216
"Personer"	"Os"	427
"Personer"	"Osa"	202
"Personer"	"Ose"	293
"Personer"	"Osen"	535
"Personer"	"Oshaug"	214
"Personer"	"Oskarsen"	230
"Personer"	"Osland"	543
"Personer"	"Osman"	1423
"Personer"	"Osmani"	220
"Personer"	"Osmundsen"	586
"Personer"	"Osnes"	548
"Personer"	"Oterhals"	243
"Personer"	"Othman"	219
"Personer"	"Otnes"	282
"Personer"	"Ottem"	228
"Personer"	"Otterlei"	545
"Personer"	"Ottersen"	431
"Personer"	"Otterstad"	331
"Personer"	"Ottesen"	2161
"Personer"	"Ottosen"	417
"Personer"	"Overvik"	205
"Personer"	"Overå"	293
"Personer"	"Ovesen"	851
"Personer"	"Owren"	212
"Personer"	"Paasche"	221
"Personer"	"Palm"	322
"Personer"	"Parveen"	267
"Personer"	"Paulsen"	8198
"Personer"	"Paulsrud"	349
"Personer"	"Paus"	252
"Personer"	"Pedersen"	33985
"Personer"	"Perez"	204
"Personer"	"Persen"	729
"Personer"	"Persson"	1108
"Personer"	"Petersen"	2061
"Personer"	"Petrovic"	222
"Personer"	"Pettersen"	19335
"Personer"	"Petterson"	566
"Personer"	"Pettersson"	587
"Personer"	"Pham"	1353
"Personer"	"Phan"	556
"Personer"	"Pihl"	238
"Personer"	"Pilskog"	247
"Personer"	"Pladsen"	212
"Personer"	"Plassen"	291
"Personer"	"Pleym"	219
"Personer"	"Polden"	207
"Personer"	"Pollestad"	382
"Personer"	"Poulsen"	458
"Personer"	"Prestegård"	314
"Personer"	"Presthus"	248
"Personer"	"Prytz"	403
"Personer"	"Qureshi"	226
"Personer"	"Qvale"	213
"Personer"	"Raa"	255
"Personer"	"Raaen"	455
"Personer"	"Raastad"	305
"Personer"	"Rabben"	682
"Personer"	"Rafoss"	279
"Personer"	"Rage"	209
"Personer"	"Rahimi"	434
"Personer"	"Rahman"	280
"Personer"	"Raja"	418
"Personer"	"Raknes"	536
"Personer"	"Rakvåg"	226
"Personer"	"Ramadani"	240
"Personer"	"Ramberg"	1112
"Personer"	"Ramfjord"	211
"Personer"	"Ramsdal"	269
"Personer"	"Ramsland"	353
"Personer"	"Ramstad"	1397
"Personer"	"Ramsvik"	368
"Personer"	"Ramsøy"	.
"Personer"	"Rana"	330
"Personer"	"Randen"	610
"Personer"	"Ranheim"	370
"Personer"	"Ranum"	253
"Personer"	"Rasch"	511
"Personer"	"Rashid"	623
"Personer"	"Rasmussen"	7068
"Personer"	"Ravn"	360
"Personer"	"Ravndal"	826
"Personer"	"Ravnås"	262
"Personer"	"Raza"	288
"Personer"	"Ree"	677
"Personer"	"Reed"	348
"Personer"	"Refsdal"	305
"Personer"	"Refseth"	229
"Personer"	"Refsland"	237
"Personer"	"Refsnes"	684
"Personer"	"Refvik"	364
"Personer"	"Rege"	201
"Personer"	"Rehman"	299
"Personer"	"Reiersen"	989
"Personer"	"Reigstad"	529
"Personer"	"Reime"	506
"Personer"	"Rein"	367
"Personer"	"Reinertsen"	869
"Personer"	"Reinholdtsen"	387
"Personer"	"Reistad"	635
"Personer"	"Reitan"	1729
"Personer"	"Reite"	440
"Personer"	"Reiten"	589
"Personer"	"Rekdal"	642
"Personer"	"Rekkedal"	230
"Personer"	"Rekstad"	296
"Personer"	"Reksten"	301
"Personer"	"Remen"	200
"Personer"	"Remme"	556
"Personer"	"Remmen"	237
"Personer"	"Remøy"	438
"Personer"	"Reppe"	365
"Personer"	"Reppen"	364
"Personer"	"Repstad"	279
"Personer"	"Resell"	213
"Personer"	"Ressem"	207
"Personer"	"Revheim"	494
"Personer"	"Reyes"	293
"Personer"	"Rezai"	273
"Personer"	"Rian"	497
"Personer"	"Riaz"	215
"Personer"	"Ribe"	450
"Personer"	"Richardsen"	719
"Personer"	"Riis"	761
"Personer"	"Riise"	1688
"Personer"	"Riiser"	279
"Personer"	"Rikardsen"	215
"Personer"	"Rikstad"	241
"Personer"	"Rimstad"	245
"Personer"	"Rindal"	511
"Personer"	"Rinde"	395
"Personer"	"Rinden"	206
"Personer"	"Ring"	302
"Personer"	"Ringdal"	675
"Personer"	"Ringen"	681
"Personer"	"Ringheim"	279
"Personer"	"Ringnes"	288
"Personer"	"Ringstad"	1467
"Personer"	"Ringvold"	288
"Personer"	"Risa"	744
"Personer"	"Risan"	527
"Personer"	"Risberg"	279
"Personer"	"Risdal"	354
"Personer"	"Rise"	719
"Personer"	"Riseth"	201
"Personer"	"Rishaug"	286
"Personer"	"Risnes"	712
"Personer"	"Rist"	280
"Personer"	"Risvik"	379
"Personer"	"Risøy"	232
"Personer"	"Roald"	658
"Personer"	"Robberstad"	224
"Personer"	"Roberg"	211
"Personer"	"Robertsen"	1299
"Personer"	"Robstad"	295
"Personer"	"Rodal"	222
"Personer"	"Rodriguez"	215
"Personer"	"Roen"	253
"Personer"	"Rognan"	221
"Personer"	"Rogne"	1168
"Personer"	"Rognerud"	377
"Personer"	"Rognes"	271
"Personer"	"Rognli"	287
"Personer"	"Rognlien"	386
"Personer"	"Rognmo"	310
"Personer"	"Rognstad"	614
"Personer"	"Rogstad"	624
"Personer"	"Rohde"	219
"Personer"	"Rokne"	205
"Personer"	"Rokstad"	364
"Personer"	"Roksvåg"	294
"Personer"	"Roland"	732
"Personer"	"Rolfsen"	405
"Personer"	"Rolfsnes"	204
"Personer"	"Rolland"	623
"Personer"	"Rolstad"	395
"Personer"	"Rom"	.
"Personer"	"Romsdal"	213
"Personer"	"Rong"	454
"Personer"	"Rongved"	234
"Personer"	"Roos"	328
"Personer"	"Rosenberg"	474
"Personer"	"Rosenlund"	509
"Personer"	"Rosenvinge"	317
"Personer"	"Rosland"	744
"Personer"	"Rosnes"	386
"Personer"	"Ross"	259
"Personer"	"Rossebø"	250
"Personer"	"Rosseland"	670
"Personer"	"Rossland"	220
"Personer"	"Rostad"	830
"Personer"	"Rosvold"	520
"Personer"	"Rosvoll"	208
"Personer"	"Rotevatn"	202
"Personer"	"Roth"	320
"Personer"	"Rovik"	263
"Personer"	"Rud"	359
"Personer"	"Rudi"	587
"Personer"	"Rudolfsen"	208
"Personer"	"Rue"	245
"Personer"	"Rugland"	361
"Personer"	"Rui"	367
"Personer"	"Runde"	280
"Personer"	"Rustad"	1549
"Personer"	"Rustand"	260
"Personer"	"Rusten"	904
"Personer"	"Ruud"	4551
"Personer"	"Ryan"	327
"Personer"	"Rydland"	568
"Personer"	"Rydningen"	467
"Personer"	"Rye"	674
"Personer"	"Ryen"	906
"Personer"	"Ryeng"	272
"Personer"	"Rygg"	816
"Personer"	"Rygh"	939
"Personer"	"Rykkje"	228
"Personer"	"Ryland"	313
"Personer"	"Rynning"	222
"Personer"	"Rystad"	258
"Personer"	"Ræstad"	215
"Personer"	"Røberg"	387
"Personer"	"Rød"	1470
"Personer"	"Rødal"	450
"Personer"	"Rødland"	680
"Personer"	"Rødseth"	430
"Personer"	"Rødsjø"	315
"Personer"	"Røe"	798
"Personer"	"Røed"	1876
"Personer"	"Røen"	538
"Personer"	"Røgeberg"	254
"Personer"	"Røhne"	227
"Personer"	"Røine"	307
"Personer"	"Røise"	262
"Personer"	"Røisland"	223
"Personer"	"Røkenes"	265
"Personer"	"Røkke"	466
"Personer"	"Rømo"	267
"Personer"	"Røneid"	203
"Personer"	"Rønhovde"	206
"Personer"	"Rønne"	271
"Personer"	"Rønneberg"	676
"Personer"	"Rønnestad"	297
"Personer"	"Rønning"	5182
"Personer"	"Rønningen"	2677
"Personer"	"Røren"	497
"Personer"	"Rørstad"	244
"Personer"	"Rørtveit"	262
"Personer"	"Rørvik"	1266
"Personer"	"Røsand"	400
"Personer"	"Røssland"	413
"Personer"	"Røst"	268
"Personer"	"Røstad"	865
"Personer"	"Røste"	504
"Personer"	"Røsten"	205
"Personer"	"Røsvik"	321
"Personer"	"Røv"	218
"Personer"	"Røvik"	409
"Personer"	"Røyland"	244
"Personer"	"Røyrvik"	238
"Personer"	"Røyset"	330
"Personer"	"Røysland"	274
"Personer"	"Rånes"	267
"Personer"	"Saastad"	279
"Personer"	"Saeed"	405
"Personer"	"Safi"	440
"Personer"	"Saga"	379
"Personer"	"Sagbakken"	262
"Personer"	"Sagen"	1151
"Personer"	"Sagmo"	318
"Personer"	"Sagstad"	420
"Personer"	"Sagstuen"	245
"Personer"	"Said"	724
"Personer"	"Sakariassen"	280
"Personer"	"Sakshaug"	388
"Personer"	"Salamonsen"	376
"Personer"	"Salberg"	249
"Personer"	"Salbu"	216
"Personer"	"Saleem"	250
"Personer"	"Saleh"	645
"Personer"	"Salih"	344
"Personer"	"Salim"	214
"Personer"	"Salomonsen"	705
"Personer"	"Salte"	874
"Personer"	"Saltnes"	337
"Personer"	"Salvesen"	1539
"Personer"	"Samdal"	379
"Personer"	"Samnøy"	217
"Personer"	"Samuelsen"	2711
"Personer"	"Sand"	2508
"Personer"	"Sandaker"	377
"Personer"	"Sandal"	908
"Personer"	"Sandanger"	395
"Personer"	"Sandbakk"	316
"Personer"	"Sandbakken"	440
"Personer"	"Sandberg"	2309
"Personer"	"Sandbæk"	282
"Personer"	"Sande"	2268
"Personer"	"Sanden"	794
"Personer"	"Sander"	280
"Personer"	"Sandersen"	288
"Personer"	"Sandhåland"	217
"Personer"	"Sandland"	218
"Personer"	"Sandli"	211
"Personer"	"Sandmo"	534
"Personer"	"Sandnes"	2729
"Personer"	"Sandsmark"	292
"Personer"	"Sandstad"	487
"Personer"	"Sandtorv"	298
"Personer"	"Sandum"	365
"Personer"	"Sandve"	298
"Personer"	"Sandven"	532
"Personer"	"Sandvik"	5254
"Personer"	"Sandvold"	643
"Personer"	"Sandvoll"	274
"Personer"	"Sandvær"	226
"Personer"	"Sandø"	355
"Personer"	"Sandøy"	685
"Personer"	"Sangolt"	352
"Personer"	"Sanne"	479
"Personer"	"Sannes"	757
"Personer"	"Sara"	551
"Personer"	"Sarwar"	229
"Personer"	"Saue"	306
"Personer"	"Saur"	323
"Personer"	"Schanche"	234
"Personer"	"Schanke"	218
"Personer"	"Schau"	467
"Personer"	"Schei"	1099
"Personer"	"Scheie"	259
"Personer"	"Schie"	231
"Personer"	"Schjelderup"	507
"Personer"	"Schjerven"	220
"Personer"	"Schjetne"	338
"Personer"	"Schjølberg"	735
"Personer"	"Schmidt"	845
"Personer"	"Schneider"	215
"Personer"	"Schou"	307
"Personer"	"Schrøder"	634
"Personer"	"Schultz"	457
"Personer"	"Schøyen"	392
"Personer"	"Scott"	221
"Personer"	"Seeberg"	226
"Personer"	"Seglem"	379
"Personer"	"Seierstad"	329
"Personer"	"Seim"	1186
"Personer"	"Sekkingstad"	219
"Personer"	"Sekse"	294
"Personer"	"Seland"	532
"Personer"	"Seldal"	224
"Personer"	"Sele"	577
"Personer"	"Seljeseth"	281
"Personer"	"Selle"	232
"Personer"	"Sellevold"	241
"Personer"	"Sellæg"	247
"Personer"	"Selmer"	358
"Personer"	"Selnes"	966
"Personer"	"Selstad"	233
"Personer"	"Selvik"	553
"Personer"	"Selvåg"	303
"Personer"	"Sem"	391
"Personer"	"Semb"	538
"Personer"	"Seppola"	252
"Personer"	"Serigstad"	301
"Personer"	"Sevaldsen"	230
"Personer"	"Severinsen"	745
"Personer"	"Shah"	593
"Personer"	"Shala"	355
"Personer"	"Sharif"	547
"Personer"	"Sharifi"	205
"Personer"	"Sharma"	898
"Personer"	"Sheikh"	359
"Personer"	"Sigurdsen"	365
"Personer"	"Sigvartsen"	313
"Personer"	"Sikveland"	273
"Personer"	"Silden"	285
"Personer"	"Silseth"	379
"Personer"	"Silva"	248
"Personer"	"Simensen"	1756
"Personer"	"Simonsen"	5553
"Personer"	"Singh"	1755
"Personer"	"Singstad"	330
"Personer"	"Sinnes"	268
"Personer"	"Sirevåg"	377
"Personer"	"Sirnes"	311
"Personer"	"Sivertsen"	5577
"Personer"	"Sjaastad"	217
"Personer"	"Sjo"	398
"Personer"	"Sjursen"	923
"Personer"	"Sjøberg"	546
"Personer"	"Sjøblom"	200
"Personer"	"Sjøen"	276
"Personer"	"Sjøgren"	287
"Personer"	"Sjøli"	415
"Personer"	"Sjølie"	471
"Personer"	"Sjøstrøm"	204
"Personer"	"Sjøthun"	233
"Personer"	"Sjøvold"	393
"Personer"	"Sjøvoll"	239
"Personer"	"Sjåstad"	433
"Personer"	"Sjåvik"	234
"Personer"	"Skaar"	1838
"Personer"	"Skaare"	235
"Personer"	"Skadberg"	271
"Personer"	"Skage"	432
"Personer"	"Skagen"	645
"Personer"	"Skagestad"	232
"Personer"	"Skailand"	219
"Personer"	"Skansen"	247
"Personer"	"Skar"	1181
"Personer"	"Skarbø"	300
"Personer"	"Skare"	802
"Personer"	"Skaret"	724
"Personer"	"Skarshaug"	205
"Personer"	"Skarstad"	251
"Personer"	"Skarstein"	480
"Personer"	"Skarsvåg"	218
"Personer"	"Skau"	554
"Personer"	"Skauen"	304
"Personer"	"Skaug"	1642
"Personer"	"Skauge"	531
"Personer"	"Skaugen"	263
"Personer"	"Skavhaug"	245
"Personer"	"Skei"	406
"Personer"	"Skeide"	449
"Personer"	"Skeie"	1381
"Personer"	"Skevik"	243
"Personer"	"Skille"	224
"Personer"	"Skinnes"	244
"Personer"	"Skinstad"	290
"Personer"	"Skistad"	298
"Personer"	"Skjeggestad"	208
"Personer"	"Skjelbred"	612
"Personer"	"Skjelstad"	405
"Personer"	"Skjelvik"	245
"Personer"	"Skjerdal"	206
"Personer"	"Skjerping"	211
"Personer"	"Skjerve"	545
"Personer"	"Skjerven"	396
"Personer"	"Skjervold"	251
"Personer"	"Skjetne"	336
"Personer"	"Skjevik"	246
"Personer"	"Skjold"	635
"Personer"	"Skjolden"	234
"Personer"	"Skjong"	299
"Personer"	"Skjæret"	292
"Personer"	"Skjærstad"	240
"Personer"	"Skjærvik"	326
"Personer"	"Skjæveland"	1175
"Personer"	"Skjølberg"	236
"Personer"	"Skjønberg"	229
"Personer"	"Skjønhaug"	447
"Personer"	"Skjørestad"	326
"Personer"	"Skog"	980
"Personer"	"Skoge"	305
"Personer"	"Skogen"	1396
"Personer"	"Skogheim"	839
"Personer"	"Skogland"	375
"Personer"	"Skogli"	659
"Personer"	"Skoglund"	2101
"Personer"	"Skogly"	433
"Personer"	"Skogmo"	442
"Personer"	"Skogseth"	380
"Personer"	"Skogsrud"	245
"Personer"	"Skogstad"	1207
"Personer"	"Skogvold"	262
"Personer"	"Skogvoll"	218
"Personer"	"Skomedal"	224
"Personer"	"Skorpen"	466
"Personer"	"Skorstad"	365
"Personer"	"Skotnes"	298
"Personer"	"Skotte"	233
"Personer"	"Skovly"	270
"Personer"	"Skram"	255
"Personer"	"Skramstad"	253
"Personer"	"Skrede"	608
"Personer"	"Skretteberg"	260
"Personer"	"Skretting"	904
"Personer"	"Skråmestø"	269
"Personer"	"Skuland"	217
"Personer"	"Skullerud"	312
"Personer"	"Skulstad"	592
"Personer"	"Skurdal"	212
"Personer"	"Skøien"	218
"Personer"	"Skålevik"	239
"Personer"	"Skår"	1410
"Personer"	"Skårdal"	257
"Personer"	"Skåre"	261
"Personer"	"Skårland"	227
"Personer"	"Sleire"	280
"Personer"	"Sletner"	296
"Personer"	"Sletta"	371
"Personer"	"Slette"	269
"Personer"	"Slettebø"	436
"Personer"	"Slettedal"	203
"Personer"	"Sletten"	2074
"Personer"	"Slettum"	234
"Personer"	"Sletvold"	524
"Personer"	"Sleveland"	208
"Personer"	"Slinning"	350
"Personer"	"Slyngstad"	268
"Personer"	"Slåen"	341
"Personer"	"Slåtten"	268
"Personer"	"Smeby"	398
"Personer"	"Smedsrud"	647
"Personer"	"Smedstad"	208
"Personer"	"Smeland"	205
"Personer"	"Smestad"	624
"Personer"	"Smistad"	249
"Personer"	"Smith"	1866
"Personer"	"Smørdal"	270
"Personer"	"Sneve"	242
"Personer"	"Sogn"	292
"Personer"	"Sola"	415
"Personer"	"Solbakk"	437
"Personer"	"Solbakken"	2598
"Personer"	"Solberg"	9671
"Personer"	"Solbu"	213
"Personer"	"Soldal"	349
"Personer"	"Solem"	1921
"Personer"	"Soleng"	369
"Personer"	"Solevåg"	247
"Personer"	"Solhaug"	1600
"Personer"	"Solheim"	6905
"Personer"	"Solli"	2839
"Personer"	"Sollid"	614
"Personer"	"Sollie"	1015
"Personer"	"Sollien"	531
"Personer"	"Solomon"	267
"Personer"	"Solstad"	1209
"Personer"	"Solstrand"	263
"Personer"	"Solsvik"	506
"Personer"	"Soltvedt"	557
"Personer"	"Soltveit"	244
"Personer"	"Solum"	935
"Personer"	"Solvang"	2577
"Personer"	"Solvik"	468
"Personer"	"Solvoll"	297
"Personer"	"Solås"	554
"Personer"	"Soma"	318
"Personer"	"Somby"	220
"Personer"	"Sommer"	519
"Personer"	"Sommerseth"	499
"Personer"	"Sommerstad"	372
"Personer"	"Sommervold"	236
"Personer"	"Sortland"	606
"Personer"	"Sparby"	276
"Personer"	"Sperre"	343
"Personer"	"Spilde"	212
"Personer"	"Sporsheim"	307
"Personer"	"Stabell"	476
"Personer"	"Stadheim"	309
"Personer"	"Staff"	261
"Personer"	"Stamnes"	505
"Personer"	"Standal"	963
"Personer"	"Stang"	659
"Personer"	"Stange"	382
"Personer"	"Stangeland"	1533
"Personer"	"Starheim"	230
"Personer"	"Stav"	311
"Personer"	"Stava"	398
"Personer"	"Stave"	458
"Personer"	"Stavem"	.
"Personer"	"Staven"	230
"Personer"	"Stavenes"	215
"Personer"	"Stavik"	322
"Personer"	"Stavland"	272
"Personer"	"Stavnes"	257
"Personer"	"Stavrum"	324
"Personer"	"Steen"	3165
"Personer"	"Steffensen"	1427
"Personer"	"Stein"	418
"Personer"	"Steindal"	219
"Personer"	"Steine"	785
"Personer"	"Steinnes"	522
"Personer"	"Steinsland"	1151
"Personer"	"Steinsvik"	613
"Personer"	"Steiro"	379
"Personer"	"Stenberg"	1790
"Personer"	"Stendal"	312
"Personer"	"Stene"	2150
"Personer"	"Stenersen"	1350
"Personer"	"Stenerud"	293
"Personer"	"Stenhaug"	517
"Personer"	"Stensby"	553
"Personer"	"Stensen"	504
"Personer"	"Stenseth"	1033
"Personer"	"Stensland"	1156
"Personer"	"Stensrud"	1978
"Personer"	"Stenstad"	217
"Personer"	"Stensvold"	313
"Personer"	"Stenvik"	274
"Personer"	"Stephansen"	227
"Personer"	"Stiansen"	514
"Personer"	"Stien"	663
"Personer"	"Stigen"	390
"Personer"	"Stjern"	302
"Personer"	"Stokka"	791
"Personer"	"Stokkan"	256
"Personer"	"Stokke"	2462
"Personer"	"Stokkeland"	741
"Personer"	"Stokken"	231
"Personer"	"Stokkenes"	217
"Personer"	"Stokland"	267
"Personer"	"Stokstad"	257
"Personer"	"Storaker"	202
"Personer"	"Stordahl"	265
"Personer"	"Stordal"	391
"Personer"	"Storebø"	410
"Personer"	"Storeide"	233
"Personer"	"Storesund"	435
"Personer"	"Storhaug"	913
"Personer"	"Storheim"	267
"Personer"	"Storli"	800
"Personer"	"Storm"	388
"Personer"	"Stormark"	226
"Personer"	"Stormo"	757
"Personer"	"Stormoen"	261
"Personer"	"Stornes"	429
"Personer"	"Storsve"	215
"Personer"	"Storsveen"	643
"Personer"	"Storvik"	953
"Personer"	"Storøy"	398
"Personer"	"Storås"	304
"Personer"	"Strand"	9806
"Personer"	"Strandberg"	241
"Personer"	"Strande"	522
"Personer"	"Stranden"	538
"Personer"	"Strandheim"	268
"Personer"	"Straume"	883
"Personer"	"Stray"	375
"Personer"	"Strøm"	4387
"Personer"	"Strømberg"	361
"Personer"	"Strømme"	1223
"Personer"	"Strømmen"	1211
"Personer"	"Strømnes"	352
"Personer"	"Strømsnes"	803
"Personer"	"Strømstad"	393
"Personer"	"Strømsvåg"	212
"Personer"	"Stubberud"	771
"Personer"	"Stuen"	.
"Personer"	"Sture"	336
"Personer"	"Styve"	274
"Personer"	"Støa"	319
"Personer"	"Støen"	429
"Personer"	"Stølan"	384
"Personer"	"Støle"	630
"Personer"	"Stølen"	919
"Personer"	"Størdal"	242
"Personer"	"Størkersen"	234
"Personer"	"Størksen"	232
"Personer"	"Størseth"	517
"Personer"	"Støylen"	348
"Personer"	"Stålesen"	271
"Personer"	"Suhr"	221
"Personer"	"Suleiman"	238
"Personer"	"Sulen"	208
"Personer"	"Sumstad"	201
"Personer"	"Sund"	1749
"Personer"	"Sundal"	953
"Personer"	"Sundberg"	469
"Personer"	"Sundby"	1272
"Personer"	"Sunde"	3652
"Personer"	"Sundet"	686
"Personer"	"Sundfær"	211
"Personer"	"Sundgot"	221
"Personer"	"Sundli"	285
"Personer"	"Sundnes"	284
"Personer"	"Sundseth"	280
"Personer"	"Sundstrøm"	243
"Personer"	"Sundt"	758
"Personer"	"Surdal"	210
"Personer"	"Svanberg"	244
"Personer"	"Svanes"	280
"Personer"	"Svanevik"	216
"Personer"	"Svardal"	325
"Personer"	"Svarstad"	599
"Personer"	"Sveberg"	203
"Personer"	"Svee"	213
"Personer"	"Sveen"	2647
"Personer"	"Svela"	366
"Personer"	"Svellingen"	206
"Personer"	"Svendsen"	9594
"Personer"	"Svendsrud"	298
"Personer"	"Svenkerud"	245
"Personer"	"Svenning"	487
"Personer"	"Svenningsen"	421
"Personer"	"Svensen"	987
"Personer"	"Svensli"	314
"Personer"	"Svensson"	1066
"Personer"	"Sverdrup"	383
"Personer"	"Sveum"	627
"Personer"	"Sviggum"	217
"Personer"	"Svihus"	223
"Personer"	"Sviland"	238
"Personer"	"Svindland"	341
"Personer"	"Svingen"	353
"Personer"	"Sværen"	251
"Personer"	"Syed"	251
"Personer"	"Sylta"	245
"Personer"	"Sylte"	628
"Personer"	"Synnes"	314
"Personer"	"Synnevåg"	206
"Personer"	"Syrstad"	433
"Personer"	"Systad"	236
"Personer"	"Syversen"	2393
"Personer"	"Syvertsen"	1809
"Personer"	"Sæbø"	1176
"Personer"	"Sæland"	214
"Personer"	"Sæle"	812
"Personer"	"Sælen"	233
"Personer"	"Sæter"	1034
"Personer"	"Sæterbø"	277
"Personer"	"Sæterdal"	302
"Personer"	"Sætermo"	221
"Personer"	"Sæternes"	282
"Personer"	"Sæther"	5784
"Personer"	"Sæthre"	897
"Personer"	"Sætra"	219
"Personer"	"Sætran"	285
"Personer"	"Sætre"	3116
"Personer"	"Sætren"	257
"Personer"	"Sævareid"	336
"Personer"	"Sæverud"	228
"Personer"	"Sævik"	536
"Personer"	"Søberg"	785
"Personer"	"Søbstad"	269
"Personer"	"Sødal"	371
"Personer"	"Søderholm"	239
"Personer"	"Søfteland"	312
"Personer"	"Søgaard"	280
"Personer"	"Søgård"	269
"Personer"	"Søiland"	302
"Personer"	"Sølvberg"	385
"Personer"	"Sømme"	432
"Personer"	"Sønderland"	206
"Personer"	"Sønsteby"	387
"Personer"	"Sønstebø"	205
"Personer"	"Sønsterud"	242
"Personer"	"Sørby"	537
"Personer"	"Sørbø"	631
"Personer"	"Sørdal"	495
"Personer"	"Søreide"	680
"Personer"	"Søreng"	647
"Personer"	"Sørensen"	10465
"Personer"	"Sørgård"	628
"Personer"	"Sørhaug"	395
"Personer"	"Sørheim"	984
"Personer"	"Sørhus"	317
"Personer"	"Sørland"	273
"Personer"	"Sørli"	1465
"Personer"	"Sørlie"	2356
"Personer"	"Sørmo"	263
"Personer"	"Sørnes"	375
"Personer"	"Sørum"	1414
"Personer"	"Sørvik"	619
"Personer"	"Søvik"	1174
"Personer"	"Søyland"	785
"Personer"	"Tafjord"	454
"Personer"	"Tahir"	306
"Personer"	"Takle"	263
"Personer"	"Taksdal"	270
"Personer"	"Takvam"	244
"Personer"	"Talberg"	205
"Personer"	"Tallaksen"	359
"Personer"	"Tandberg"	1034
"Personer"	"Tande"	334
"Personer"	"Tandstad"	205
"Personer"	"Tang"	232
"Personer"	"Tangen"	4357
"Personer"	"Tangstad"	381
"Personer"	"Taraldsen"	519
"Personer"	"Taranger"	269
"Personer"	"Tariq"	210
"Personer"	"Taule"	452
"Personer"	"Taylor"	261
"Personer"	"Teien"	321
"Personer"	"Teig"	210
"Personer"	"Teige"	481
"Personer"	"Teigen"	2218
"Personer"	"Teigland"	704
"Personer"	"Tekle"	477
"Personer"	"Telle"	466
"Personer"	"Tellefsen"	831
"Personer"	"Tengesdal"	520
"Personer"	"Tenold"	210
"Personer"	"Terjesen"	551
"Personer"	"Tesdal"	241
"Personer"	"Tesfamariam"	214
"Personer"	"Tesfay"	447
"Personer"	"Tessem"	235
"Personer"	"Tetlie"	287
"Personer"	"Tewelde"	360
"Personer"	"Tharaldsen"	528
"Personer"	"Theodorsen"	463
"Personer"	"Thingstad"	.
"Personer"	"Thoen"	251
"Personer"	"Thomas"	418
"Personer"	"Thomassen"	5613
"Personer"	"Thommesen"	307
"Personer"	"Thompson"	358
"Personer"	"Thomsen"	1099
"Personer"	"Thon"	563
"Personer"	"Thorbjørnsen"	1439
"Personer"	"Thoresen"	3492
"Personer"	"Thorgersen"	227
"Personer"	"Thorkildsen"	1111
"Personer"	"Thorsen"	4811
"Personer"	"Thorshaug"	226
"Personer"	"Thorsrud"	369
"Personer"	"Thorstensen"	1472
"Personer"	"Thorsø"	238
"Personer"	"Thorud"	272
"Personer"	"Thorvaldsen"	1528
"Personer"	"Thrane"	262
"Personer"	"Throndsen"	228
"Personer"	"Thu"	455
"Personer"	"Thue"	573
"Personer"	"Thuen"	232
"Personer"	"Thune"	617
"Personer"	"Thunes"	289
"Personer"	"Thygesen"	291
"Personer"	"Thøgersen"	371
"Personer"	"Tidemann"	297
"Personer"	"Tiller"	540
"Personer"	"Titlestad"	200
"Personer"	"Tjelle"	247
"Personer"	"Tjelta"	552
"Personer"	"Tjemsland"	330
"Personer"	"Tjessem"	281
"Personer"	"Tjore"	201
"Personer"	"Tjørhom"	211
"Personer"	"Tjøstheim"	385
"Personer"	"Tjøsvoll"	257
"Personer"	"Tobiassen"	1205
"Personer"	"Todal"	248
"Personer"	"Todnem"	263
"Personer"	"Toft"	932
"Personer"	"Tofte"	560
"Personer"	"Tokerud"	225
"Personer"	"Tokle"	253
"Personer"	"Tollefsen"	2252
"Personer"	"Tolo"	207
"Personer"	"Tomren"	436
"Personer"	"Tomter"	354
"Personer"	"Tonheim"	304
"Personer"	"Tonning"	429
"Personer"	"Torbergsen"	327
"Personer"	"Torbjørnsen"	371
"Personer"	"Toresen"	223
"Personer"	"Torgersen"	3548
"Personer"	"Torheim"	337
"Personer"	"Torjussen"	415
"Personer"	"Torkelsen"	502
"Personer"	"Torkildsen"	711
"Personer"	"Torland"	278
"Personer"	"Tornes"	337
"Personer"	"Torp"	2183
"Personer"	"Torset"	330
"Personer"	"Torstensen"	409
"Personer"	"Torsvik"	1014
"Personer"	"Torvik"	638
"Personer"	"Torvund"	412
"Personer"	"Totland"	970
"Personer"	"Toverud"	200
"Personer"	"Tran"	3130
"Personer"	"Trana"	254
"Personer"	"Trengereid"	275
"Personer"	"Trinh"	213
"Personer"	"Trondsen"	954
"Personer"	"Trones"	418
"Personer"	"Tronrud"	252
"Personer"	"Tronstad"	835
"Personer"	"Trulsen"	278
"Personer"	"Truong"	456
"Personer"	"Trydal"	286
"Personer"	"Tryggestad"	.
"Personer"	"Træet"	244
"Personer"	"Trøan"	347
"Personer"	"Trøen"	461
"Personer"	"Trønnes"	296
"Personer"	"Tsegay"	272
"Personer"	"Tuft"	201
"Personer"	"Tufte"	546
"Personer"	"Tufteland"	206
"Personer"	"Tungland"	271
"Personer"	"Tunheim"	401
"Personer"	"Turøy"	448
"Personer"	"Tvedt"	1903
"Personer"	"Tvedten"	.
"Personer"	"Tveit"	4023
"Personer"	"Tveita"	357
"Personer"	"Tveitan"	360
"Personer"	"Tveite"	288
"Personer"	"Tveiten"	1178
"Personer"	"Tveito"	481
"Personer"	"Tvenge"	.
"Personer"	"Tverberg"	236
"Personer"	"Tverå"	.
"Personer"	"Tvete"	322
"Personer"	"Tveten"	452
"Personer"	"Tveter"	731
"Personer"	"Tyldum"	232
"Personer"	"Tysnes"	262
"Personer"	"Tysse"	450
"Personer"	"Tøllefsen"	318
"Personer"	"Tømmervik"	200
"Personer"	"Tømmerås"	414
"Personer"	"Tømte"	348
"Personer"	"Tøndel"	300
"Personer"	"Tønder"	313
"Personer"	"Tønnesen"	979
"Personer"	"Tønnessen"	2021
"Personer"	"Tønsberg"	230
"Personer"	"Tøsse"	226
"Personer"	"Ueland"	1083
"Personer"	"Ugelstad"	203
"Personer"	"Ugland"	437
"Personer"	"Ulland"	222
"Personer"	"Ulleberg"	270
"Personer"	"Ullestad"	209
"Personer"	"Ulriksen"	843
"Personer"	"Ulset"	239
"Personer"	"Ulseth"	378
"Personer"	"Ulstein"	543
"Personer"	"Ulven"	316
"Personer"	"Ulvestad"	662
"Personer"	"Ulvik"	242
"Personer"	"Ulvin"	214
"Personer"	"Ulvund"	278
"Personer"	"Underhaug"	228
"Personer"	"Undheim"	994
"Personer"	"Undrum"	232
"Personer"	"Unhjem"	228
"Personer"	"Unneland"	201
"Personer"	"Urdal"	604
"Personer"	"Urke"	435
"Personer"	"Ursin"	231
"Personer"	"Urstad"	205
"Personer"	"Ustad"	316
"Personer"	"Utgård"	244
"Personer"	"Uthaug"	241
"Personer"	"Utheim"	343
"Personer"	"Uthus"	238
"Personer"	"Utne"	667
"Personer"	"Utnes"	.
"Personer"	"Utsi"	352
"Personer"	"Utvik"	288
"Personer"	"Vaa"	217
"Personer"	"Vaage"	542
"Personer"	"Vabø"	415
"Personer"	"Vadseth"	212
"Personer"	"Vagle"	427
"Personer"	"Vaksdal"	228
"Personer"	"Valberg"	285
"Personer"	"Valde"	227
"Personer"	"Valderhaug"	515
"Personer"	"Valen"	813
"Personer"	"Valla"	238
"Personer"	"Valland"	269
"Personer"	"Valle"	823
"Personer"	"Vallestad"	320
"Personer"	"Valseth"	273
"Personer"	"Valstad"	462
"Personer"	"Valvik"	302
"Personer"	"Valø"	240
"Personer"	"Vang"	678
"Personer"	"Vangen"	1364
"Personer"	"Vangsnes"	435
"Personer"	"Vanvik"	221
"Personer"	"Varhaug"	433
"Personer"	"Vartdal"	476
"Personer"	"Vassbotn"	362
"Personer"	"Vassdal"	247
"Personer"	"Vatland"	630
"Personer"	"Vatle"	286
"Personer"	"Vatn"	338
"Personer"	"Vatne"	1558
"Personer"	"Vea"	420
"Personer"	"Vedal"	335
"Personer"	"Vedvik"	812
"Personer"	"Vedøy"	306
"Personer"	"Vedå"	286
"Personer"	"Vegsund"	226
"Personer"	"Veiby"	227
"Personer"	"Veivåg"	211
"Personer"	"Veland"	570
"Personer"	"Velde"	382
"Personer"	"Velle"	325
"Personer"	"Venås"	441
"Personer"	"Vervik"	210
"Personer"	"Vestad"	448
"Personer"	"Vestby"	571
"Personer"	"Vestbø"	412
"Personer"	"Vestli"	653
"Personer"	"Vestly"	260
"Personer"	"Vestnes"	239
"Personer"	"Vestre"	591
"Personer"	"Vestrheim"	253
"Personer"	"Vestvik"	383
"Personer"	"Vestøl"	240
"Personer"	"Vetrhus"	235
"Personer"	"Veum"	350
"Personer"	"Vevang"	212
"Personer"	"Vevle"	253
"Personer"	"Viddal"	244
"Personer"	"Vie"	346
"Personer"	"Vigdal"	370
"Personer"	"Vigre"	398
"Personer"	"Vik"	5005
"Personer"	"Vika"	351
"Personer"	"Vikan"	800
"Personer"	"Vikane"	216
"Personer"	"Vikanes"	255
"Personer"	"Vike"	336
"Personer"	"Viken"	2234
"Personer"	"Vikene"	206
"Personer"	"Vikse"	499
"Personer"	"Vikøren"	288
"Personer"	"Vilhelmsen"	206
"Personer"	"Villanger"	283
"Personer"	"Vindenes"	565
"Personer"	"Vinje"	1177
"Personer"	"Visnes"	299
"Personer"	"Vist"	264
"Personer"	"Viste"	391
"Personer"	"Vistnes"	327
"Personer"	"Vo"	717
"Personer"	"Vogt"	323
"Personer"	"Vold"	1883
"Personer"	"Volden"	1315
"Personer"	"Voldsund"	328
"Personer"	"Voll"	948
"Personer"	"Vollan"	790
"Personer"	"Volle"	219
"Personer"	"Vollen"	308
"Personer"	"Vonheim"	261
"Personer"	"Vorland"	280
"Personer"	"Vu"	676
"Personer"	"Værnes"	401
"Personer"	"Våga"	243
"Personer"	"Våge"	1300
"Personer"	"Vågen"	978
"Personer"	"Vågenes"	418
"Personer"	"Vårdal"	407
"Personer"	"Waage"	1628
"Personer"	"Waaler"	487
"Personer"	"Wagner"	256
"Personer"	"Wahl"	910
"Personer"	"Wahlstrøm"	245
"Personer"	"Walberg"	226
"Personer"	"Walde"	232
"Personer"	"Walderhaug"	365
"Personer"	"Walle"	785
"Personer"	"Wallin"	383
"Personer"	"Walseth"	248
"Personer"	"Walstad"	325
"Personer"	"Wang"	2458
"Personer"	"Wangberg"	300
"Personer"	"Wangen"	883
"Personer"	"Wanvik"	.
"Personer"	"Warholm"	244
"Personer"	"Warsame"	450
"Personer"	"Wathne"	726
"Personer"	"Weber"	229
"Personer"	"Weberg"	218
"Personer"	"Weiseth"	294
"Personer"	"Welde"	297
"Personer"	"Welle"	224
"Personer"	"Wennberg"	312
"Personer"	"Wergeland"	651
"Personer"	"Werner"	586
"Personer"	"Wessel"	530
"Personer"	"Westad"	471
"Personer"	"Westberg"	248
"Personer"	"Westby"	1024
"Personer"	"Westbye"	473
"Personer"	"Westerheim"	247
"Personer"	"Westerlund"	240
"Personer"	"Westgaard"	614
"Personer"	"Westgård"	509
"Personer"	"Westlie"	289
"Personer"	"Westrum"	341
"Personer"	"Wetteland"	222
"Personer"	"Weum"	239
"Personer"	"Wibe"	251
"Personer"	"Wiborg"	304
"Personer"	"Wickstrøm"	238
"Personer"	"Wie"	227
"Personer"	"Wien"	335
"Personer"	"Wiggen"	455
"Personer"	"Wiig"	1273
"Personer"	"Wiik"	2436
"Personer"	"Wik"	937
"Personer"	"Wiken"	273
"Personer"	"Wiker"	205
"Personer"	"Wiklund"	260
"Personer"	"Wikstrøm"	267
"Personer"	"Wilberg"	437
"Personer"	"Wilhelmsen"	3171
"Personer"	"Willassen"	285
"Personer"	"Wille"	232
"Personer"	"Williams"	470
"Personer"	"Willumsen"	525
"Personer"	"Wilson"	532
"Personer"	"Winge"	440
"Personer"	"Winger"	216
"Personer"	"Winje"	298
"Personer"	"Winsnes"	375
"Personer"	"Winther"	1227
"Personer"	"Wisløff"	240
"Personer"	"Wisniewski"	222
"Personer"	"Wist"	219
"Personer"	"Wisth"	229
"Personer"	"With"	341
"Personer"	"Wojcik"	296
"Personer"	"Wold"	3345
"Personer"	"Wolden"	477
"Personer"	"Woldseth"	224
"Personer"	"Wolff"	247
"Personer"	"Woll"	348
"Personer"	"Wollan"	251
"Personer"	"Wong"	229
"Personer"	"Worren"	297
"Personer"	"Wozniak"	216
"Personer"	"Wright"	281
"Personer"	"Wroldsen"	289
"Personer"	"Wu"	252
"Personer"	"Wulff"	289
"Personer"	"Wærnes"	325
"Personer"	"Wøien"	209
"Personer"	"Xu"	248
"Personer"	"Yang"	288
"Personer"	"Yildirim"	267
"Personer"	"Yildiz"	313
"Personer"	"Yilmaz"	303
"Personer"	"Yndestad"	393
"Personer"	"Yohannes"	259
"Personer"	"Yousef"	224
"Personer"	"Yri"	215
"Personer"	"Ytreland"	304
"Personer"	"Ytterstad"	241
"Personer"	"Yttervik"	269
"Personer"	"Yusuf"	867
"Personer"	"Zachariassen"	599
"Personer"	"Zahl"	381
"Personer"	"Zakariassen"	402
"Personer"	"Zhang"	591
"Personer"	"Zielinski"	236
"Personer"	"Zimmermann"	271
"Personer"	"Ødegaard"	2391
"Personer"	"Ødegård"	4318
"Personer"	"Ødegården"	312
"Personer"	"Øen"	781
"Personer"	"Øglænd"	313
"Personer"	"Øie"	573
"Personer"	"Øien"	2180
"Personer"	"Øiestad"	244
"Personer"	"Øiseth"	230
"Personer"	"Økland"	1418
"Personer"	"Øksendal"	217
"Personer"	"Øksnes"	485
"Personer"	"Ølberg"	215
"Personer"	"Ølmheim"	204
"Personer"	"Ørbeck"	214
"Personer"	"Øren"	717
"Personer"	"Ørmen"	208
"Personer"	"Østberg"	381
"Personer"	"Østby"	1944
"Personer"	"Østbye"	512
"Personer"	"Østbø"	496
"Personer"	"Østebø"	460
"Personer"	"Østensen"	952
"Personer"	"Østenstad"	210
"Personer"	"Østerbø"	318
"Personer"	"Østerhus"	503
"Personer"	"Østerud"	250
"Personer"	"Østervold"	209
"Personer"	"Østerås"	313
"Personer"	"Østgaard"	288
"Personer"	"Østgård"	611
"Personer"	"Østhus"	460
"Personer"	"Østli"	618
"Personer"	"Østlie"	376
"Personer"	"Østlund"	210
"Personer"	"Østmo"	312
"Personer"	"Østrem"	952
"Personer"	"Østreng"	215
"Personer"	"Østvik"	354
"Personer"	"Østvold"	500
"Personer"	"Øverby"	968
"Personer"	"Øverbø"	296
"Personer"	"Øvereng"	275
"Personer"	"Øvergaard"	304
"Personer"	"Øvergård"	560
"Personer"	"Øverland"	1546
"Personer"	"Øverli"	555
"Personer"	"Øverås"	611
"Personer"	"Øvland"	205
"Personer"	"Øvrebø"	1135
"Personer"	"Øvrelid"	267
"Personer"	"Øvretveit"	338
"Personer"	"Øvstebø"	258
"Personer"	"Øvstedal"	247
"Personer"	"Øvsthus"	266
"Personer"	"Øwre"	297
"Personer"	"Øyan"	278
"Personer"	"Øye"	978
"Personer"	"Øyen"	1316
"Personer"	"Øygard"	458
"Personer"	"Øygarden"	794
"Personer"	"Øynes"	204
"Personer"	"Ådland"	332
"Personer"	"Åkre"	252
"Personer"	"Åmodt"	201
"Personer"	"Ånensen"	254
"Personer"	"Ånestad"	254
"Personer"	"Årdal"	439
"Personer"	"Årnes"	288
"Personer"	"Årseth"	270
"Personer"	"Årvik"	288
"Personer"	"Ås"	240
"Personer"	"Åsebø"	225
"Personer"	"Åsen"	618
"Personer"	"Åsheim"	949
"Personer"	"Åsland"	352
